﻿鄉鎮市區,交易標的,土地區段位置建物區段門牌,土地移轉總面積平方公尺,都市土地使用分區,非都市土地使用分區,非都市土地使用編定,交易年月日,交易筆棟數,移轉層次,總樓層數,建物型態,主要用途,主要建材,建築完成年月,建物移轉總面積平方公尺,建物現況格局-房,建物現況格局-廳,建物現況格局-衛,建物現況格局-隔間,有無管理組織,總價元,單價元平方公尺,車位類別,車位移轉總面積平方公尺,車位總價元,備註,編號
The villages and towns urban district,transaction sign,land sector position building sector house number plate,land shifting total area square meter,the use zoning or compiles and checks,the non-metropolis land use district,non-metropolis land use,transaction year month and day,transaction pen number,shifting level,total floor number,building state,main use,main building materials,construction to complete the years,building shifting total area,Building present situation pattern - room,building present situation pattern - hall,building present situation pattern - health,building present situation pattern - compartmented,Whether there is manages the organization,total price NTD,the unit price (NTD / square meter),the berth category,berth shifting total area square meter,the berth total price NTD,the note,serial number
北屯區,房地(土地+建物)+車位,軍福段91~120地號,9.41,商,,,1070926,土地1建物1車位1,八層,15,住宅大樓(11層含以上有電梯),住家用,鋼筋混凝土造,,88.76,2,1,1,有,無,5250000,63646,坡道機械,15.7,600000,,RPROMLPKNHOFFBB28CB
北屯區,房地(土地+建物)+車位,軍福段91~120地號,9.41,商,,,1070918,土地1建物1車位1,十一層,15,住宅大樓(11層含以上有電梯),住家用,鋼筋混凝土造,,86.7,2,1,1,有,無,5030000,61244,坡道機械,13.55,550000,,RPTOMLPKNHOFFBB48CB
北屯區,房地(土地+建物)+車位,軍福段91~120地號,9.41,商,,,1070913,土地1建物1車位1,十二層,15,住宅大樓(11層含以上有電梯),住家用,鋼筋混凝土造,,86.7,2,1,1,有,無,5180000,62611,坡道機械,13.55,600000,,RPUOMLPKNHOFFBB58CB
北屯區,房地(土地+建物)+車位,軍福段91~120地號,9.41,商,,,1070712,土地1建物1車位1,十三層,15,住宅大樓(11層含以上有電梯),住家用,鋼筋混凝土造,,86.7,2,1,1,有,無,5250000,62884,坡道機械,13.55,650000,,RPOPMLPKNHOFFBB08CB
北屯區,房地(土地+建物)+車位,軍福段91~120地號,9.41,商,,,1070926,土地1建物1車位1,十四層,15,住宅大樓(11層含以上有電梯),住家用,鋼筋混凝土造,,88.85,2,1,1,有,無,4280000,50308,坡道機械,15.7,600000,,RPPPMLPKNHOFFBB18CB
北屯區,房地(土地+建物)+車位,軍福段91~120地號,9.55,商,,,1070523,土地1建物1車位1,十五層,15,住宅大樓(11層含以上有電梯),住家用,鋼筋混凝土造,,96.35,2,1,1,有,無,6270000,69993,坡道平面,23.2,1150000,,RPVPMLPKNHOFFBB78CB
北屯區,房地(土地+建物)+車位,軍福段91~120地號,14.61,商,,,1070130,土地1建物1車位1,一層,15,住宅大樓(11層含以上有電梯),住家用,鋼筋混凝土造,,130.93,3,2,2,有,無,10050000,81479,坡道機械,16.79,750000,,RPPQMLPKNHOFFBB28CB
北屯區,房地(土地+建物)+車位,軍福段91~120地號,14.61,商,,,1071001,土地1建物1車位1,二層,15,住宅大樓(11層含以上有電梯),住家用,鋼筋混凝土造,,129.47,3,2,2,有,無,6750000,53485,坡道機械,13.55,550000,,RPQQMLPKNHOFFBB38CB
北屯區,房地(土地+建物)+車位,軍福段91~120地號,14.61,商,,,1070921,土地1建物1車位1,三層,15,住宅大樓(11層含以上有電梯),住家用,鋼筋混凝土造,,129.47,3,2,2,有,無,7000000,55210,坡道機械,13.55,600000,,RPRQMLPKNHOFFBB48CB
北屯區,房地(土地+建物)+車位,軍福段91~120地號,14.75,商,,,1071119,土地1建物1車位1,四層,15,住宅大樓(11層含以上有電梯),住家用,鋼筋混凝土造,,137.06,3,2,2,有,無,7630000,56332,坡道平面,21.14,1100000,,RPTQMLPKNHOFFBB68CB
梧棲區,房地(土地+建物)+車位,梧棲段2821~2850地號,0.06,商,,,1070910,土地1建物1車位1,八層,15,住宅大樓(11層含以上有電梯),住家用,鋼筋混凝土造,,91.68,2,2,1,有,無,4390000,58377,坡道平面,31.04,850000,,RPWNMLPKNHOFFFB09CB
北屯區,房地(土地+建物)+車位,軍福段91~120地號,14.75,商,,,1070126,土地1建物1車位1,六層,15,住宅大樓(11層含以上有電梯),住家用,鋼筋混凝土造,,139.12,3,2,2,有,無,8650000,64268,坡道平面,23.2,1200000,,RPUNMLRKNHOFFBB68CB
北屯區,房地(土地+建物)+車位,軍福段91~120地號,14.75,商,,,1070205,土地1建物1車位1,七層,15,住宅大樓(11層含以上有電梯),住家用,鋼筋混凝土造,,139.12,3,2,2,有,無,8770000,65304,坡道平面,23.2,1200000,,RPWNMLRKNHOFFBB88CB
北屯區,房地(土地+建物)+車位,軍福段91~120地號,14.75,商,,,1070921,土地1建物1車位1,九層,15,住宅大樓(11層含以上有電梯),住家用,鋼筋混凝土造,,139.12,3,2,2,有,無,8410000,62629,坡道平面,23.2,1150000,,RPXNMLRKNHOFFBB98CB
北屯區,房地(土地+建物)+車位,軍福段91~120地號,14.75,商,,,1070816,土地1建物1車位1,十一層,15,住宅大樓(11層含以上有電梯),住家用,鋼筋混凝土造,,139.12,3,2,2,有,無,8460000,62629,坡道平面,23.2,1200000,,RPOOMLRKNHOFFBB18CB
北屯區,房地(土地+建物)+車位,軍福段91~120地號,14.61,商,,,1070426,土地1建物1車位1,十二層,15,住宅大樓(11層含以上有電梯),住家用,鋼筋混凝土造,,131.62,3,2,2,有,無,7450000,58661,坡道機械,15.7,650000,,RPPOMLRKNHOFFBB28CB
北屯區,房地(土地+建物)+車位,軍福段91~120地號,14.75,商,,,1070920,土地1建物1車位1,十三層,15,住宅大樓(11層含以上有電梯),住家用,鋼筋混凝土造,,139.12,3,2,2,有,無,8310000,61767,坡道平面,23.2,1150000,,RPROMLRKNHOFFBB48CB
北屯區,房地(土地+建物)+車位,軍福段91~120地號,14.75,商,,,1071009,土地1建物1車位1,十四層,15,住宅大樓(11層含以上有電梯),住家用,鋼筋混凝土造,,139.12,3,2,2,有,無,8540000,63320,坡道平面,23.2,1200000,,RPUOMLRKNHOFFBB78CB
北屯區,房地(土地+建物)+車位,軍福段91~120地號,14.33,商,,,1071001,土地1建物1車位1,二層,15,住宅大樓(11層含以上有電梯),住家用,鋼筋混凝土造,,135.79,3,2,2,有,無,7750000,58620,坡道平面,23.2,1150000,,RPWOMLRKNHOFFBB98CB
北屯區,房地(土地+建物)+車位,軍福段91~120地號,14.33,商,,,1070510,土地1建物1車位1,三層,15,住宅大樓(11層含以上有電梯),住家用,鋼筋混凝土造,,135.79,3,2,2,有,無,8100000,61728,坡道平面,23.2,1150000,,RPSPMLRKNHOFFBB68CB
北屯區,房地(土地+建物)+車位,軍福段91~120地號,14.19,商,,,1070613,土地1建物1車位1,四層,15,住宅大樓(11層含以上有電梯),住家用,鋼筋混凝土造,,126.14,3,2,2,有,無,7050000,56843,坡道機械,13.55,650000,,RPUPMLRKNHOFFBB88CB
北屯區,房地(土地+建物)+車位,軍福段91~120地號,14.33,商,,,1071018,土地1建物1車位1,六層,15,住宅大樓(11層含以上有電梯),住家用,鋼筋混凝土造,,135.79,3,2,2,有,無,7850000,59508,坡道平面,23.2,1150000,,RPWPMLRKNHOFFBB09CB
北屯區,房地(土地+建物)+車位,軍福段91~120地號,14.19,商,,,1070704,土地1建物1車位1,十三層,15,住宅大樓(11層含以上有電梯),住家用,鋼筋混凝土造,,129.38,3,2,2,有,無,7850000,63061,坡道機械,16.79,750000,,RPXPMLRKNHOFFBB56CB
北屯區,房地(土地+建物),軍福段91~120地號,10.12,商,,,1070427,土地1建物1車位0,二層,15,住宅大樓(11層含以上有電梯),住家用,鋼筋混凝土造,,81.04,2,1,1,有,無,4300000,53060,,0.0,0,,RPOQMLRKNHOFFBB38CB
北屯區,房地(土地+建物)+車位,軍福段91~120地號,10.26,商,,,1070115,土地1建物1車位1,三層,15,住宅大樓(11層含以上有電梯),住家用,鋼筋混凝土造,,94.59,2,1,1,有,無,5650000,61698,坡道機械,13.55,650000,,RPPQMLRKNHOFFBB48CB
北屯區,房地(土地+建物)+車位,軍福段91~120地號,10.26,商,,,1070612,土地1建物1車位1,四層,15,住宅大樓(11層含以上有電梯),住家用,鋼筋混凝土造,,94.59,2,1,1,有,無,5550000,60464,坡道機械,13.55,650000,,RPQQMLRKNHOFFBB58CB
北屯區,房地(土地+建物)+車位,軍福段91~120地號,10.4,商,,,1070528,土地1建物1車位1,五層,15,住宅大樓(11層含以上有電梯),住家用,鋼筋混凝土造,,102.18,2,1,1,有,無,6650000,68485,坡道平面,21.14,1100000,,RPTQMLRKNHOFFBB88CB
北屯區,房地(土地+建物)+車位,軍福段91~120地號,10.26,商,,,1070620,土地1建物1車位1,六層,15,住宅大樓(11層含以上有電梯),住家用,鋼筋混凝土造,,97.83,2,1,1,有,無,5850000,62932,坡道機械,16.79,750000,,RPUQMLRKNHOFFBB98CB
北屯區,房地(土地+建物)+車位,軍福段91~120地號,10.26,商,,,1070523,土地1建物1車位1,七層,15,住宅大樓(11層含以上有電梯),住家用,鋼筋混凝土造,,94.59,2,1,1,有,無,5830000,63919,坡道機械,13.55,650000,,RPVQMLRKNHOFFBB09CB
北屯區,房地(土地+建物)+車位,軍福段91~120地號,10.26,商,,,1070927,土地1建物1車位1,八層,15,住宅大樓(11層含以上有電梯),住家用,鋼筋混凝土造,,96.74,2,1,1,有,無,5700000,62932,坡道機械,15.7,600000,,RPWQMLRKNHOFFBB56CB
北屯區,房地(土地+建物)+車位,軍福段91~120地號,10.26,商,,,1070612,土地1建物1車位1,九層,15,住宅大樓(11層含以上有電梯),住家用,鋼筋混凝土造,,94.59,2,1,1,有,無,5700000,62932,坡道機械,13.55,600000,,RPXQMLRKNHOFFBB66CB
北屯區,房地(土地+建物)+車位,軍福段91~120地號,10.26,商,,,1071015,土地1建物1車位1,十一層,15,住宅大樓(11層含以上有電梯),住家用,鋼筋混凝土造,,94.59,2,1,1,有,無,5460000,60587,坡道機械,13.55,550000,,RPOPMLLLNHOFFBB77CB
北屯區,房地(土地+建物)+車位,軍福段91~120地號,10.26,商,,,1070123,土地1建物1車位1,十二層,15,住宅大樓(11層含以上有電梯),住家用,鋼筋混凝土造,,94.59,2,1,1,有,無,5850000,65400,坡道機械,13.55,550000,,RPPPMLLLNHOFFBB87CB
北屯區,房地(土地+建物)+車位,軍福段91~120地號,10.26,商,,,1071011,土地1建物1車位1,十三層,15,住宅大樓(11層含以上有電梯),住家用,鋼筋混凝土造,,94.59,2,1,1,有,無,5540000,61575,坡道機械,13.55,550000,,RPRPMLLLNHOFFBB08CB
北屯區,房地(土地+建物)+車位,軍福段91~120地號,10.26,商,,,1071018,土地1建物1車位1,十四層,15,住宅大樓(11層含以上有電梯),住家用,鋼筋混凝土造,,96.74,2,1,1,有,無,5590000,61575,坡道機械,15.7,600000,,RPSPMLLLNHOFFBB18CB
北屯區,房地(土地+建物)+車位,軍福段91~120地號,11.1,商,,,1070705,土地1建物1車位1,二層,15,住宅大樓(11層含以上有電梯),住家用,鋼筋混凝土造,,100.38,2,1,1,有,無,6060000,62306,坡道機械,13.55,650000,,RPTPMLLLNHOFFBB28CB
北屯區,房地(土地+建物)+車位,軍福段91~120地號,11.24,商,,,1070515,土地1建物1車位1,四層,15,住宅大樓(11層含以上有電梯),住家用,鋼筋混凝土造,,110.03,2,1,1,有,無,6470000,61269,坡道平面,23.2,1150000,,RPVOMLNLNHOFFBB58CB
北屯區,房地(土地+建物)+車位,軍福段91~120地號,11.1,商,,,1070425,土地1建物1車位1,五層,15,住宅大樓(11層含以上有電梯),住家用,鋼筋混凝土造,,100.38,2,1,1,有,無,5800000,59311,坡道機械,13.55,650000,,RPWOMLNLNHOFFBB68CB
北屯區,房地(土地+建物)+車位,軍福段91~120地號,11.1,商,,,1070202,土地1建物1車位1,六層,15,住宅大樓(11層含以上有電梯),住家用,鋼筋混凝土造,,100.38,2,1,1,有,無,5800000,59887,坡道機械,13.55,600000,,RPXOMLNLNHOFFBB78CB
北屯區,房地(土地+建物)+車位,軍福段91~120地號,11.1,商,,,1070323,土地1建物1車位1,七層,15,住宅大樓(11層含以上有電梯),住家用,鋼筋混凝土造,,100.38,2,1,1,有,無,5950000,61039,坡道機械,13.55,650000,,RPVPMLNLNHOFFBB68CB
北屯區,房地(土地+建物)+車位,軍福段91~120地號,11.24,商,,,1070629,土地1建物1車位1,八層,15,住宅大樓(11層含以上有電梯),住家用,鋼筋混凝土造,,110.03,2,1,1,有,無,7140000,68985,坡道平面,23.2,1150000,,RPXPMLNLNHOFFBB88CB
北屯區,房地(土地+建物)+車位,軍福段91~120地號,11.1,商,,,1070820,土地1建物1車位1,九層,15,住宅大樓(11層含以上有電梯),住家用,鋼筋混凝土造,,103.62,2,1,1,有,無,6250000,63918,坡道機械,16.79,700000,,RPOQMLNLNHOFFBB08CB
北屯區,房地(土地+建物)+車位,軍福段91~120地號,11.1,商,,,1070614,土地1建物1車位1,三層,15,住宅大樓(11層含以上有電梯),住家用,鋼筋混凝土造,,100.38,2,1,1,有,無,5560000,56547,坡道機械,13.55,650000,,RPWOMLOLNHOFFBB78CB
北屯區,房地(土地+建物)+車位,軍福段91~120地號,11.1,商,,,1070816,土地1建物1車位1,十層,15,住宅大樓(11層含以上有電梯),住家用,鋼筋混凝土造,,100.38,2,1,1,有,無,6300000,65646,坡道機械,13.55,600000,,RPXOMLOLNHOFFBB88CB
北屯區,房地(土地+建物)+車位,軍福段91~120地號,11.24,商,,,1070621,土地1建物1車位1,十一層,15,住宅大樓(11層含以上有電梯),住家用,鋼筋混凝土造,,110.03,2,1,1,有,無,6920000,66452,坡道平面,23.2,1150000,,RPOPMLOLNHOFFBB08CB
北屯區,房地(土地+建物)+車位,軍福段91~120地號,11.24,商,,,1070710,土地1建物1車位1,十二層,15,住宅大樓(11層含以上有電梯),住家用,鋼筋混凝土造,,107.97,2,1,1,有,無,6900000,66797,坡道平面,21.14,1100000,,RPQPMLOLNHOFFBB28CB
北屯區,房地(土地+建物)+車位,軍福段91~120地號,11.1,商,,,1070809,土地1建物1車位1,十三層,15,住宅大樓(11層含以上有電梯),住家用,鋼筋混凝土造,,100.38,2,1,1,有,無,6070000,62421,坡道機械,13.55,650000,,RPUQMLOLNHOFFBB78CB
北屯區,房地(土地+建物)+車位,軍福段91~120地號,11.1,商,,,1070711,土地1建物1車位1,十四層,15,住宅大樓(11層含以上有電梯),住家用,鋼筋混凝土造,,100.38,2,1,1,有,無,6050000,62766,坡道機械,13.55,600000,,RPWQMLOLNHOFFBB98CB
北屯區,房地(土地+建物)+車位,軍福段91~120地號,11.1,商,,,1070115,土地1建物1車位1,十五層,15,住宅大樓(11層含以上有電梯),住家用,鋼筋混凝土造,,100.38,2,1,1,有,無,6150000,63342,坡道機械,13.55,650000,,RPQRMLOLNHOFFBB48CB
北屯區,房地(土地+建物)+車位,軍福段91~120地號,14.61,商,,,1070927,土地1建物1車位1,二層,15,住宅大樓(11層含以上有電梯),住家用,鋼筋混凝土造,,131.19,3,2,2,有,無,7300000,58014,坡道機械,15.7,600000,,RPTRMLOLNHOFFBB78CB
北屯區,房地(土地+建物)+車位,仁美段1741~1770地號,18.85,住,,,1061225,土地1建物1車位1,一層,15,住宅大樓(11層含以上有電梯),住家用,鋼筋混凝土造,,150.08,0,0,0,無,無,30000000,234077,坡道平面,26.83,1150000,,RPOSMLOLNHOFFBB38CB
北屯區,房地(土地+建物)+車位,仁美段1741~1770地號,14.63,住,,,1061225,土地1建物1車位1,一層,15,住宅大樓(11層含以上有電梯),住家用,鋼筋混凝土造,,130.17,0,0,0,無,無,25500000,235630,坡道平面,26.83,1150000,,RPPSMLOLNHOFFBB48CB
北屯區,房地(土地+建物)+車位,仁美段1741~1770地號,14.95,住,,,1070209,土地1建物1車位1,一層,15,住宅大樓(11層含以上有電梯),住家用,鋼筋混凝土造,,130.49,0,0,0,無,無,25500000,234903,坡道平面,26.83,1150000,,RPQSMLOLNHOFFBB58CB
北屯區,房地(土地+建物)+車位,仁美段1741~1770地號,19.18,住,,,1070209,土地1建物1車位1,一層,15,住宅大樓(11層含以上有電梯),住家用,鋼筋混凝土造,,150.56,0,0,0,無,無,32500000,253374,坡道平面,26.83,1150000,,RPRSMLOLNHOFFBB68CB
北屯區,房地(土地+建物)+車位,軍福段91~120地號,14.75,商,,,1070321,土地1建物1車位1,三層,15,住宅大樓(11層含以上有電梯),住家用,鋼筋混凝土造,,138.69,3,2,2,有,無,8050000,59745,坡道平面,23.2,1150000,,RPSSMLOLNHOFFBB78CB
北屯區,房地(土地+建物)+車位,軍福段91~120地號,14.75,商,,,1070126,土地1建物1車位1,四層,15,住宅大樓(11層含以上有電梯),住家用,鋼筋混凝土造,,136.63,3,2,2,有,無,8100000,60611,坡道平面,21.14,1100000,,RPUSMLOLNHOFFBB98CB
北屯區,房地(土地+建物)+車位,軍福段91~120地號,14.75,商,,,1070808,土地1建物1車位1,六層,15,住宅大樓(11層含以上有電梯),住家用,鋼筋混凝土造,,138.69,3,2,2,有,無,7200000,52385,坡道平面,23.2,1150000,,RPPQMLSLOHOFFBB78CB
北屯區,房地(土地+建物)+車位,軍福段91~120地號,14.61,商,,,1070416,土地1建物1車位1,七層,15,住宅大樓(11層含以上有電梯),住家用,鋼筋混凝土造,,129.04,3,2,2,有,無,7060000,55936,坡道機械,13.55,600000,,RPQQMLSLOHOFFBB88CB
北屯區,房地(土地+建物)+車位,軍福段91~120地號,14.75,商,,,1070608,土地1建物1車位1,九層,15,住宅大樓(11層含以上有電梯),住家用,鋼筋混凝土造,,136.63,3,2,2,有,無,7380000,54377,坡道平面,21.14,1100000,,RPSQMLSLOHOFFBB09CB
北屯區,房地(土地+建物)+車位,軍福段91~120地號,14.75,商,,,1070327,土地1建物1車位1,十一層,15,住宅大樓(11層含以上有電梯),住家用,鋼筋混凝土造,,138.69,3,2,2,有,無,7100000,51520,坡道平面,23.2,1150000,,RPTQMLSLOHOFFBB56CB
北屯區,房地(土地+建物)+車位,軍福段91~120地號,14.75,商,,,1070410,土地1建物1車位1,十三層,15,住宅大樓(11層含以上有電梯),住家用,鋼筋混凝土造,,138.69,3,2,2,有,無,7150000,51953,坡道平面,23.2,1150000,,RPUQMLSLOHOFFBB66CB
北屯區,房地(土地+建物)+車位,軍福段91~120地號,14.33,商,,,1070920,土地1建物1車位1,二層,15,住宅大樓(11層含以上有電梯),住家用,鋼筋混凝土造,,135.36,3,2,2,有,無,7280000,54208,坡道平面,23.2,1200000,,RPVQMLSLOHOFFBB76CB
北屯區,房地(土地+建物)+車位,軍福段91~120地號,14.33,商,,,1070326,土地1建物1車位1,三層,15,住宅大樓(11層含以上有電梯),住家用,鋼筋混凝土造,,135.36,3,2,2,有,無,6900000,51266,坡道平面,23.2,1150000,,RPWQMLSLOHOFFBB86CB
北屯區,房地(土地+建物)+車位,軍福段91~120地號,14.33,商,,,1070727,土地1建物1車位1,四層,15,住宅大樓(11層含以上有電梯),住家用,鋼筋混凝土造,,135.36,3,2,2,有,無,6620000,48770,坡道平面,23.2,1150000,,RPXQMLSLOHOFFBB96CB
北屯區,房地(土地+建物)+車位,軍福段91~120地號,14.33,商,,,1070921,土地1建物1車位1,六層,15,住宅大樓(11層含以上有電梯),住家用,鋼筋混凝土造,,135.36,3,2,2,有,無,6900000,51266,坡道平面,23.2,1150000,,RPPRMLSLOHOFFBB88CB
北屯區,房地(土地+建物)+車位,軍福段91~120地號,14.33,商,,,1070508,土地1建物1車位1,九層,15,住宅大樓(11層含以上有電梯),住家用,鋼筋混凝土造,,135.36,3,2,2,有,無,7270000,54565,坡道平面,23.2,1150000,,RPQRMLSLOHOFFBB98CB
北屯區,房地(土地+建物)+車位,軍福段91~120地號,14.19,商,,,1070731,土地1建物1車位1,十層,15,住宅大樓(11層含以上有電梯),住家用,鋼筋混凝土造,,125.71,3,2,2,有,無,6650000,54387,坡道機械,13.55,550000,,RPRRMLSLOHOFFBB09CB
北屯區,房地(土地+建物)+車位,軍福段91~120地號,14.19,商,,,1071004,土地1建物1車位1,十三層,15,住宅大樓(11層含以上有電梯),住家用,鋼筋混凝土造,,128.95,3,2,2,有,無,7100000,57061,坡道機械,16.79,700000,,RPTRMLSLOHOFFBB66CB
北屯區,房地(土地+建物)+車位,軍福段91~120地號,10.54,商,,,1071008,土地1建物1車位1,二層,15,住宅大樓(11層含以上有電梯),住家用,鋼筋混凝土造,,98.11,2,1,1,有,無,5250000,56425,坡道機械,15.7,600000,,RPURMLSLOHOFFBB76CB
北屯區,房地(土地+建物)+車位,軍福段91~120地號,10.68,商,,,1070920,土地1建物1車位1,三層,15,住宅大樓(11層含以上有電梯),住家用,鋼筋混凝土造,,105.61,2,1,1,有,無,5330000,50115,坡道平面,23.2,1200000,,RPVRMLSLOHOFFBB86CB
北屯區,房地(土地+建物)+車位,軍福段91~120地號,10.54,商,,,1070808,土地1建物1車位1,四層,15,住宅大樓(11層含以上有電梯),住家用,鋼筋混凝土造,,99.2,2,1,1,有,無,4880000,50722,坡道機械,16.79,700000,,RPWRMLSLOHOFFBB96CB
北屯區,房地(土地+建物)+車位,軍福段91~120地號,10.68,商,,,1070619,土地1建物1車位1,五層,15,住宅大樓(11層含以上有電梯),住家用,鋼筋混凝土造,,105.61,2,1,1,有,無,5380000,50722,坡道平面,23.2,1200000,,RPXRMLSLOHOFFBB07CB
北屯區,房地(土地+建物)+車位,軍福段91~120地號,10.54,商,,,1070307,土地1建物1車位1,六層,15,住宅大樓(11層含以上有電梯),住家用,鋼筋混凝土造,,95.96,2,1,1,有,無,5000000,53998,坡道機械,13.55,550000,,RPOSMLSLOHOFFBB88CB
北屯區,房地(土地+建物)+車位,軍福段91~120地號,10.54,商,,,1070813,土地1建物1車位1,七層,15,住宅大樓(11層含以上有電梯),住家用,鋼筋混凝土造,,95.96,2,1,1,有,無,4900000,52785,坡道機械,13.55,550000,,RPPSMLSLOHOFFBB98CB
北屯區,房地(土地+建物)+車位,軍福段91~120地號,10.82,商,,,1070307,土地1建物1車位1,八層,15,住宅大樓(11層含以上有電梯),住家用,鋼筋混凝土造,,103.55,2,1,1,有,無,5660000,55333,坡道平面,21.14,1100000,,RPQSMLSLOHOFFBB09CB
北屯區,房地(土地+建物)+車位,軍福段91~120地號,10.68,商,,,1070927,土地1建物1車位1,九層,15,住宅大樓(11層含以上有電梯),住家用,鋼筋混凝土造,,95.96,2,1,1,有,無,5150000,55818,坡道機械,13.55,550000,,RPRSMLSLOHOFFBB56CB
北屯區,房地(土地+建物)+車位,軍福段91~120地號,10.82,商,,,1070523,土地1建物1車位1,十一層,15,住宅大樓(11層含以上有電梯),住家用,鋼筋混凝土造,,105.61,2,1,1,有,無,5750000,55818,坡道平面,23.2,1150000,,RPSSMLSLOHOFFBB66CB
北屯區,房地(土地+建物)+車位,軍福段91~120地號,10.68,商,,,1070828,土地1建物1車位1,十二層,15,住宅大樓(11層含以上有電梯),住家用,鋼筋混凝土造,,96.05,2,1,1,有,無,5070000,54788,坡道機械,13.55,550000,,RPTSMLSLOHOFFBB76CB
北屯區,房地(土地+建物)+車位,軍福段91~120地號,10.68,商,,,1070822,土地1建物1車位1,十三層,15,住宅大樓(11層含以上有電梯),住家用,鋼筋混凝土造,,96.05,2,1,1,有,無,5030000,53697,坡道機械,13.55,600000,,RPUSMLSLOHOFFBB86CB
北屯區,房地(土地+建物)+車位,軍福段91~120地號,10.68,商,,,1070911,土地1建物1車位1,十四層,15,住宅大樓(11層含以上有電梯),住家用,鋼筋混凝土造,,96.05,2,1,1,有,無,5500000,59394,坡道機械,13.55,600000,,RPWSMLSLOHOFFBB07CB
大里區,房地(土地+建物)+車位,日新段91~120地號,22.6,住,,,1070921,土地1建物1車位1,三層,13,住宅大樓(11層含以上有電梯),住家用,鋼筋混凝土造,,124.75,3,2,2,有,無,8700000,91754,坡道平面,43.01,1200000,,RPQNMLSLOHOFFIB76DB
大里區,房地(土地+建物)+車位,日新段91~120地號,23.79,住,,,1061229,土地1建物1車位1,八層,13,住宅大樓(11層含以上有電梯),住家用,鋼筋混凝土造,,133.33,3,2,2,有,無,9300000,89128,坡道平面,43.01,1250000,,RPSNMLSLOHOFFIB96DB
大里區,房地(土地+建物)+車位,日新段91~120地號,23.45,住,,,1070513,土地1建物1車位1,三層,13,住宅大樓(11層含以上有電梯),住家用,鋼筋混凝土造,,129.36,3,2,2,有,無,9000000,90909,坡道平面,43.01,1150000,,RPTNMLSLOHOFFIB07DB
大里區,房地(土地+建物)+車位,日新段91~120地號,23.45,住,,,1070412,土地1建物1車位1,十三層,13,住宅大樓(11層含以上有電梯),住家用,鋼筋混凝土造,,129.36,3,2,2,有,無,9100000,92067,坡道平面,43.01,1150000,,RPUNMLSLOHOFFIB17DB
大里區,房地(土地+建物)+車位,日新段91~120地號,22.94,住,,,1070404,土地1建物1車位1,十二層,13,住宅大樓(11層含以上有電梯),住家用,鋼筋混凝土造,,127.25,3,2,2,有,無,8630000,87607,坡道平面,43.01,1250000,,RPVNMLSLOHOFFIB27DB
大里區,房地(土地+建物)+車位,日新段91~120地號,22.94,住,,,1070608,土地1建物1車位1,五層,13,住宅大樓(11層含以上有電梯),住家用,鋼筋混凝土造,,127.25,3,2,2,有,無,8320000,84573,坡道平面,41.88,1100000,,RPWNMLSLOHOFFIB37DB
大里區,房地(土地+建物)+車位,日新段91~120地號,22.6,住,,,1071008,土地1建物1車位1,十層,13,住宅大樓(11層含以上有電梯),住家用,鋼筋混凝土造,,124.75,3,2,2,有,無,8880000,93279,坡道平面,41.88,1150000,,RPOOMLSLOHOFFIB66DB
大里區,房地(土地+建物)+車位,日新段91~120地號,22.6,住,,,1070513,土地1建物1車位1,八層,13,住宅大樓(11層含以上有電梯),住家用,鋼筋混凝土造,,124.75,3,2,2,有,無,8800000,92366,坡道平面,43.01,1250000,,RPPOMLSLOHOFFIB76DB
大里區,房地(土地+建物)+車位,日新段91~120地號,23.45,住,,,1070203,土地1建物1車位1,六層,13,住宅大樓(11層含以上有電梯),住家用,鋼筋混凝土造,,129.36,3,2,2,有,無,8710000,87551,坡道平面,43.01,1150000,,RPROMLSLOHOFFIB96DB
大里區,房地(土地+建物)+車位,日新段91~120地號,22.6,住,,,1070327,土地1建物1車位1,四層,13,住宅大樓(11層含以上有電梯),住家用,鋼筋混凝土造,,124.75,3,2,2,有,無,8500000,89919,坡道平面,43.01,1150000,,RPSOMLSLOHOFFIB07DB
大里區,房地(土地+建物)+車位,日新段91~120地號,23.45,住,,,1070802,土地1建物1車位1,七層,13,住宅大樓(11層含以上有電梯),住家用,鋼筋混凝土造,,129.36,3,2,2,有,無,9100000,90909,坡道平面,43.01,1250000,,RPTOMLSLOHOFFIB17DB
大里區,房地(土地+建物)+車位,日新段91~120地號,22.6,住,,,1070507,土地1建物1車位1,五層,13,住宅大樓(11層含以上有電梯),住家用,鋼筋混凝土造,,124.75,3,2,2,有,無,8600000,91143,坡道平面,43.01,1150000,,RPVOMLSLOHOFFIB37DB
大里區,房地(土地+建物)+車位,日新段91~120地號,22.6,住,,,1070222,土地1建物1車位1,十二層,13,住宅大樓(11層含以上有電梯),住家用,鋼筋混凝土造,,124.75,3,2,2,有,無,8700000,92366,坡道平面,43.01,1150000,,RPWOMLSLOHOFFIB47DB
大里區,房地(土地+建物)+車位,日新段91~120地號,22.6,住,,,1070901,土地1建物1車位1,十一層,13,住宅大樓(11層含以上有電梯),住家用,鋼筋混凝土造,,124.75,3,2,2,有,無,9050000,95425,坡道平面,43.01,1250000,,RPXOMLSLOHOFFIB57DB
大里區,房地(土地+建物)+車位,日新段91~120地號,22.6,住,,,1070115,土地1建物1車位1,六層,13,住宅大樓(11層含以上有電梯),住家用,鋼筋混凝土造,,124.75,3,2,2,有,無,8930000,93956,坡道平面,43.01,1250000,,RPOPMLSLOHOFFIB76DB
大里區,房地(土地+建物)+車位,日新段91~120地號,22.94,住,,,1070804,土地1建物1車位1,十一層,13,住宅大樓(11層含以上有電梯),住家用,鋼筋混凝土造,,127.25,3,2,2,有,無,8650000,89031,坡道平面,43.01,1150000,,RPQPMLSLOHOFFIB96DB
大里區,房地(土地+建物)+車位,日新段91~120地號,22.94,住,,,1070707,土地1建物1車位1,三層,13,住宅大樓(11層含以上有電梯),住家用,鋼筋混凝土造,,127.25,3,2,2,有,無,9400000,97934,坡道平面,43.01,1150000,,RPRPMLSLOHOFFIB07DB
大里區,房地(土地+建物)+車位,日新段91~120地號,22.94,住,,,1070310,土地1建物1車位1,七層,13,住宅大樓(11層含以上有電梯),住家用,鋼筋混凝土造,,127.25,3,2,2,有,無,8650000,89031,坡道平面,43.01,1150000,,RPSPMLSLOHOFFIB17DB
大里區,房地(土地+建物)+車位,日新段91~120地號,23.45,住,,,1061130,土地1建物1車位1,四層,13,住宅大樓(11層含以上有電梯),住家用,鋼筋混凝土造,,129.36,3,2,2,有,無,8700000,86277,坡道平面,43.01,1250000,,RPTPMLSLOHOFFIB27DB
大里區,房地(土地+建物)+車位,日新段91~120地號,21.75,住,,,1070105,土地1建物1車位1,四層,13,住宅大樓(11層含以上有電梯),住家用,鋼筋混凝土造,,121.48,3,2,2,有,無,8600000,94941,坡道平面,43.01,1150000,,RPUPMLSLOHOFFIB37DB
大里區,房地(土地+建物)+車位,日新段91~120地號,21.75,住,,,1061120,土地1建物1車位1,五層,13,住宅大樓(11層含以上有電梯),住家用,鋼筋混凝土造,,121.48,3,2,2,有,無,8500000,93666,坡道平面,43.01,1150000,,RPVPMLSLOHOFFIB47DB
大里區,房地(土地+建物)+車位,日新段91~120地號,21.75,住,,,1061020,土地1建物1車位1,七層,13,住宅大樓(11層含以上有電梯),住家用,鋼筋混凝土造,,121.48,3,2,2,有,無,8650000,94304,坡道平面,43.01,1250000,,RPOQMLSLOHOFFIB86DB
大里區,房地(土地+建物)+車位,日新段91~120地號,22.6,住,,,1070804,土地1建物1車位1,九層,13,住宅大樓(11層含以上有電梯),住家用,鋼筋混凝土造,,124.75,3,2,2,有,無,8740000,92855,坡道平面,43.01,1150000,,RPPQMLSLOHOFFIB96DB
大里區,房地(土地+建物)+車位,日新段91~120地號,24.47,住,,,1070318,土地1建物1車位1,十三層,13,住宅大樓(11層含以上有電梯),住家用,鋼筋混凝土造,,136.91,3,2,2,有,無,10180000,95101,坡道平面,43.01,1250000,,RPQQMLSLOHOFFIB07DB
大里區,房地(土地+建物)+車位,日新段91~120地號,21.75,住,,,1070421,土地1建物1車位1,八層,13,住宅大樓(11層含以上有電梯),住家用,鋼筋混凝土造,,121.48,3,2,2,有,無,8800000,97489,坡道平面,43.01,1150000,,RPRQMLSLOHOFFIB17DB
大里區,房地(土地+建物)+車位,日新段91~120地號,21.75,住,,,1070803,土地1建物1車位1,九層,13,住宅大樓(11層含以上有電梯),住家用,鋼筋混凝土造,,121.48,3,2,2,有,無,8800000,97489,坡道平面,43.01,1150000,,RPSQMLSLOHOFFIB27DB
大里區,房地(土地+建物)+車位,日新段91~120地號,31.77,住,,,1061126,土地1建物1車位2,一層,13,店面(店鋪),住商用,鋼筋混凝土造,,150.51,0,0,1,有,無,15880000,204373,坡道平面,86.02,2700000,,RPTQMLSLOHOFFIB37DB
大里區,房地(土地+建物)+車位,日新段91~120地號,23.62,住,,,1070804,土地1建物1車位1,九層,13,住宅大樓(11層含以上有電梯),住家用,鋼筋混凝土造,,129.73,3,2,2,有,無,9240000,93289,坡道平面,43.01,1150000,,RPUQMLSLOHOFFIB47DB
大里區,房地(土地+建物)+車位,日新段91~120地號,30.75,住,,,1061007,土地1建物1車位2,一層,13,店面(店鋪),住商用,鋼筋混凝土造,,144.32,0,0,1,有,無,15800000,224700,坡道平面,86.02,2700000,,RPVQMLSLOHOFFIB57DB
大里區,房地(土地+建物)+車位,日新段91~120地號,21.75,住,,,1061210,土地1建物1車位1,三層,13,住宅大樓(11層含以上有電梯),住家用,鋼筋混凝土造,,121.48,3,2,2,有,無,8530000,94049,坡道平面,43.01,1150000,,RPWQMLSLOHOFFIB67DB
大里區,房地(土地+建物)+車位,日新段91~120地號,23.45,住,,,1070415,土地1建物1車位1,五層,13,住宅大樓(11層含以上有電梯),住家用,鋼筋混凝土造,,129.36,3,2,2,有,無,8530000,85466,坡道平面,43.01,1150000,,RPXQMLSLOHOFFIB77DB
大里區,房地(土地+建物)+車位,日新段91~120地號,22.94,住,,,1070721,土地1建物1車位1,六層,13,住宅大樓(11層含以上有電梯),住家用,鋼筋混凝土造,,127.25,3,2,2,有,無,8500000,86064,坡道平面,43.01,1250000,,RPORMLSLOHOFFIB96DB
大里區,房地(土地+建物)+車位,日新段91~120地號,22.94,住,,,1070718,土地1建物1車位1,九層,13,住宅大樓(11層含以上有電梯),住家用,鋼筋混凝土造,,127.25,3,2,2,有,無,8580000,88200,坡道平面,43.01,1150000,,RPPRMLSLOHOFFIB07DB
大里區,房地(土地+建物)+車位,日新段91~120地號,22.94,住,,,1070819,土地1建物1車位1,八層,13,住宅大樓(11層含以上有電梯),住家用,鋼筋混凝土造,,127.25,3,2,2,有,無,8880000,90575,坡道平面,43.01,1250000,,RPQRMLSLOHOFFIB17DB
大里區,房地(土地+建物)+車位,日新段91~120地號,22.6,住,,,1061104,土地1建物1車位1,七層,13,住宅大樓(11層含以上有電梯),住家用,鋼筋混凝土造,,124.75,3,2,2,有,無,8750000,91754,坡道平面,43.01,1250000,,RPSRMLSLOHOFFIB37DB
大里區,房地(土地+建物)+車位,日新段91~120地號,22.94,住,,,1071002,土地1建物1車位1,十三層,13,住宅大樓(11層含以上有電梯),住家用,鋼筋混凝土造,,127.25,3,2,2,有,無,8500000,86064,坡道平面,43.01,1250000,,RPTRMLSLOHOFFIB47DB
大里區,房地(土地+建物)+車位,日新段91~120地號,22.94,住,,,1070226,土地1建物1車位1,二層,13,住宅大樓(11層含以上有電梯),住家用,鋼筋混凝土造,,127.25,3,2,2,有,無,8120000,82740,坡道平面,43.01,1150000,,RPURMLSLOHOFFIB57DB
大里區,房地(土地+建物)+車位,日新段91~120地號,22.94,住,,,1070928,土地1建物1車位1,四層,13,住宅大樓(11層含以上有電梯),住家用,鋼筋混凝土造,,127.25,3,2,2,有,無,8380000,84639,坡道平面,43.01,1250000,,RPWRMLSLOHOFFIB77DB
大里區,房地(土地+建物)+車位,日新段91~120地號,23.45,住,,,1070907,土地1建物1車位1,二層,13,住宅大樓(11層含以上有電梯),住家用,鋼筋混凝土造,,129.36,3,2,2,有,無,9450000,96120,坡道平面,43.01,1150000,,RPXRMLSLOHOFFIB87DB
大里區,房地(土地+建物)+車位,日新段91~120地號,22.94,住,,,1070721,土地1建物1車位1,六層,13,住宅大樓(11層含以上有電梯),住家用,鋼筋混凝土造,,127.25,3,2,2,有,無,8500000,86064,坡道平面,43.01,1250000,,RPPSMLSLOHOFFIB17DB
大里區,房地(土地+建物)+車位,日新段91~120地號,23.45,住,,,1070203,土地1建物1車位1,六層,13,住宅大樓(11層含以上有電梯),住家用,鋼筋混凝土造,,129.36,3,2,2,有,無,8710000,87551,坡道平面,43.01,1150000,,RPQSMLSLOHOFFIB27DB
大里區,房地(土地+建物)+車位,日新段91~120地號,31.77,住,,,1061126,土地1建物1車位2,一層,13,店面(店鋪),住商用,鋼筋混凝土造,,150.51,0,0,1,有,無,15880000,204373,坡道平面,86.02,2700000,,RPSSMLSLOHOFFIB47DB
大里區,房地(土地+建物)+車位,日新段91~120地號,22.94,住,,,1070926,土地1建物1車位1,十層,13,住宅大樓(11層含以上有電梯),住家用,鋼筋混凝土造,,127.25,3,2,2,有,無,9260000,95679,坡道平面,43.01,1200000,,RPTSMLSLOHOFFIB57DB
大里區,房地(土地+建物)+車位,日新段91~120地號,21.75,住,,,1070803,土地1建物1車位1,九層,13,住宅大樓(11層含以上有電梯),住家用,鋼筋混凝土造,,121.48,3,2,2,有,無,8800000,97489,坡道平面,43.01,1150000,,RPUSMLSLOHOFFIB67DB
大里區,房地(土地+建物)+車位,日新段91~120地號,22.94,住,,,1070819,土地1建物1車位1,八層,13,住宅大樓(11層含以上有電梯),住家用,鋼筋混凝土造,,127.25,3,2,2,有,無,8880000,90575,坡道平面,43.01,1250000,,RPVSMLSLOHOFFIB77DB
大里區,房地(土地+建物)+車位,日新段91~120地號,22.6,住,,,1070115,土地1建物1車位1,六層,13,住宅大樓(11層含以上有電梯),住家用,鋼筋混凝土造,,124.75,3,2,2,有,無,8930000,93956,坡道平面,43.01,1250000,,RPWSMLSLOHOFFIB87DB
大里區,房地(土地+建物)+車位,日新段91~120地號,22.6,住,,,1061104,土地1建物1車位1,七層,13,住宅大樓(11層含以上有電梯),住家用,鋼筋混凝土造,,124.75,3,2,2,有,無,8750000,91754,坡道平面,43.01,1250000,,RPXSMLSLOHOFFIB97DB
大里區,房地(土地+建物)+車位,日新段91~120地號,24.47,住,,,1070318,土地1建物1車位1,十三層,13,住宅大樓(11層含以上有電梯),住家用,鋼筋混凝土造,,136.91,3,2,2,有,無,10180000,95101,坡道平面,43.01,1250000,,RPOTMLSLOHOFFIB17DB
大里區,房地(土地+建物)+車位,日新段91~120地號,22.6,住,,,1070507,土地1建物1車位1,五層,13,住宅大樓(11層含以上有電梯),住家用,鋼筋混凝土造,,124.75,3,2,2,有,無,8600000,91143,坡道平面,43.01,1150000,,RPPTMLSLOHOFFIB27DB
大里區,房地(土地+建物)+車位,日新段91~120地號,21.75,住,,,1070421,土地1建物1車位1,八層,13,住宅大樓(11層含以上有電梯),住家用,鋼筋混凝土造,,121.48,3,2,2,有,無,8800000,97489,坡道平面,43.01,1150000,,RPQTMLSLOHOFFIB37DB
大里區,房地(土地+建物)+車位,日新段91~120地號,22.6,住,,,1070308,土地1建物1車位1,十三層,13,住宅大樓(11層含以上有電梯),住家用,鋼筋混凝土造,,124.75,3,2,2,有,無,8980000,94568,坡道平面,43.01,1250000,,RPRTMLSLOHOFFIB47DB
大里區,房地(土地+建物)+車位,日新段91~120地號,21.75,住,,,1061020,土地1建物1車位1,七層,13,住宅大樓(11層含以上有電梯),住家用,鋼筋混凝土造,,121.48,3,2,2,有,無,8650000,94304,坡道平面,43.01,1250000,,RPSTMLSLOHOFFIB57DB
大里區,房地(土地+建物)+車位,日新段91~120地號,22.94,住,,,1070804,土地1建物1車位1,十一層,13,住宅大樓(11層含以上有電梯),住家用,鋼筋混凝土造,,127.25,3,2,2,有,無,8650000,89031,坡道平面,43.01,1150000,,RPTTMLSLOHOFFIB67DB
大里區,房地(土地+建物)+車位,日新段91~120地號,22.94,住,,,1070226,土地1建物1車位1,二層,13,住宅大樓(11層含以上有電梯),住家用,鋼筋混凝土造,,127.25,3,2,2,有,無,8120000,82740,坡道平面,43.01,1150000,,RPUTMLSLOHOFFIB77DB
大里區,房地(土地+建物)+車位,日新段91~120地號,23.45,住,,,1070412,土地1建物1車位1,十三層,13,住宅大樓(11層含以上有電梯),住家用,鋼筋混凝土造,,129.36,3,2,2,有,無,9100000,92067,坡道平面,43.01,1150000,,RPVTMLSLOHOFFIB87DB
大里區,房地(土地+建物)+車位,日新段91~120地號,21.75,住,,,1070105,土地1建物1車位1,四層,13,住宅大樓(11層含以上有電梯),住家用,鋼筋混凝土造,,121.48,3,2,2,有,無,8600000,94941,坡道平面,43.01,1150000,,RPWTMLSLOHOFFIB97DB
大里區,房地(土地+建物)+車位,日新段91~120地號,21.75,住,,,1061120,土地1建物1車位1,五層,13,住宅大樓(11層含以上有電梯),住家用,鋼筋混凝土造,,121.48,3,2,2,有,無,8500000,93666,坡道平面,43.01,1150000,,RPXTMLSLOHOFFIB08DB
大里區,房地(土地+建物)+車位,日新段91~120地號,21.75,住,,,1061210,土地1建物1車位1,三層,13,住宅大樓(11層含以上有電梯),住家用,鋼筋混凝土造,,121.48,3,2,2,有,無,8530000,94049,坡道平面,43.01,1150000,,RPOUMLSLOHOFFIB27DB
大里區,房地(土地+建物)+車位,日新段91~120地號,22.94,住,,,1070310,土地1建物1車位1,七層,13,住宅大樓(11層含以上有電梯),住家用,鋼筋混凝土造,,127.25,3,2,2,有,無,8650000,89031,坡道平面,43.01,1150000,,RPPUMLSLOHOFFIB37DB
大里區,房地(土地+建物)+車位,日新段91~120地號,22.94,住,,,1070707,土地1建物1車位1,三層,13,住宅大樓(11層含以上有電梯),住家用,鋼筋混凝土造,,127.25,3,2,2,有,無,9400000,97934,坡道平面,43.01,1150000,,RPQUMLSLOHOFFIB47DB
大里區,房地(土地+建物)+車位,日新段91~120地號,23.45,住,,,1061130,土地1建物1車位1,四層,13,住宅大樓(11層含以上有電梯),住家用,鋼筋混凝土造,,129.36,3,2,2,有,無,8700000,86277,坡道平面,43.01,1250000,,RPRUMLSLOHOFFIB57DB
大里區,房地(土地+建物)+車位,日新段91~120地號,22.6,住,,,1070804,土地1建物1車位1,九層,13,住宅大樓(11層含以上有電梯),住家用,鋼筋混凝土造,,124.75,3,2,2,有,無,8740000,92855,坡道平面,43.01,1150000,,RPSUMLSLOHOFFIB67DB
大里區,房地(土地+建物)+車位,日新段91~120地號,22.6,住,,,1061104,土地1建物1車位1,七層,13,住宅大樓(11層含以上有電梯),住家用,鋼筋混凝土造,,124.75,3,2,2,有,無,8750000,91754,坡道平面,43.01,1250000,,RPTUMLSLOHOFFIB77DB
潭子區,房地(土地+建物)+車位,大新段811~840地號,23.84,住,,,1070414,土地1建物1車位1,二層,13,住宅大樓(11層含以上有電梯),住家用,鋼筋混凝土造,,161.88,3,2,2,有,無,8400000,57853,坡道平面,40.02,1350000,,RPVNMLKMPHOFFHB09CB
潭子區,房地(土地+建物)+車位,大新段811~840地號,23.84,住,,,1070603,土地1建物1車位1,三層,13,住宅大樓(11層含以上有電梯),住家用,鋼筋混凝土造,,160.81,3,2,2,有,無,7580000,52355,坡道平面,38.95,1200000,,RPXNMLKMPHOFFHB66CB
潭子區,房地(土地+建物)+車位,大新段811~840地號,23.84,住,,,1070613,土地1建物1車位1,四層,13,住宅大樓(11層含以上有電梯),住家用,鋼筋混凝土造,,161.88,3,2,2,有,無,7750000,52519,坡道平面,40.02,1350000,,RPOOMLKMPHOFFHB48CB
潭子區,房地(土地+建物)+車位,大新段811~840地號,23.84,住,,,1061021,土地1建物1車位1,五層,13,住宅大樓(11層含以上有電梯),住家用,鋼筋混凝土造,,161.88,3,2,2,有,無,7800000,53340,坡道平面,40.02,1300000,,RPPOMLKMPHOFFHB58CB
潭子區,房地(土地+建物)+車位,大新段811~840地號,23.84,住,,,1070512,土地1建物1車位1,六層,13,住宅大樓(11層含以上有電梯),住家用,鋼筋混凝土造,,161.88,3,2,2,有,無,7700000,52930,坡道平面,40.02,1250000,,RPQOMLKMPHOFFHB68CB
潭子區,房地(土地+建物)+車位,大新段811~840地號,23.84,住,,,1070317,土地1建物1車位1,七層,13,住宅大樓(11層含以上有電梯),住家用,鋼筋混凝土造,,161.88,3,2,2,有,無,7750000,53340,坡道平面,40.02,1250000,,RPROMLKMPHOFFHB78CB
潭子區,房地(土地+建物)+車位,大新段811~840地號,23.84,住,,,1070406,土地1建物1車位1,八層,13,住宅大樓(11層含以上有電梯),住家用,鋼筋混凝土造,,161.88,3,2,2,有,無,7800000,53750,坡道平面,40.02,1250000,,RPSOMLKMPHOFFHB88CB
潭子區,房地(土地+建物)+車位,大新段811~840地號,23.84,住,,,1070408,土地1建物1車位1,九層,13,住宅大樓(11層含以上有電梯),住家用,鋼筋混凝土造,,161.88,3,2,2,有,無,7880000,54407,坡道平面,40.02,1250000,,RPTOMLKMPHOFFHB98CB
潭子區,房地(土地+建物)+車位,大新段811~840地號,24.03,住,,,1061021,土地1建物1車位2,十層,13,住宅大樓(11層含以上有電梯),住家用,鋼筋混凝土造,,201.9,3,2,2,有,無,9170000,53094,坡道平面,80.04,2700000,,RPUOMLKMPHOFFHB09CB
潭子區,房地(土地+建物)+車位,大新段811~840地號,23.84,住,,,1070415,土地1建物1車位1,十一層,13,住宅大樓(11層含以上有電梯),住家用,鋼筋混凝土造,,161.88,3,2,2,有,無,8500000,59084,坡道平面,40.02,1300000,,RPVOMLKMPHOFFHB56CB
潭子區,房地(土地+建物)+車位,大新段811~840地號,23.84,住,,,1070520,土地1建物1車位1,十二層,13,住宅大樓(11層含以上有電梯),住家用,鋼筋混凝土造,,161.88,3,2,2,有,無,7880000,53996,坡道平面,40.02,1300000,,RPWOMLKMPHOFFHB66CB
潭子區,房地(土地+建物)+車位,大新段811~840地號,23.84,住,,,1070602,土地1建物1車位1,十三層,13,住宅大樓(11層含以上有電梯),住家用,鋼筋混凝土造,,161.88,3,2,2,有,無,7850000,54161,坡道平面,40.02,1250000,,RPXOMLKMPHOFFHB76CB
潭子區,房地(土地+建物)+車位,大新段811~840地號,23.84,住,,,1061217,土地1建物1車位1,二層,13,住宅大樓(11層含以上有電梯),住家用,鋼筋混凝土造,,161.88,3,2,2,有,無,7530000,51535,坡道平面,40.02,1250000,,RPOPMLKMPHOFFHB58CB
潭子區,房地(土地+建物)+車位,大新段811~840地號,23.84,住,,,1070611,土地1建物1車位1,三層,13,住宅大樓(11層含以上有電梯),住家用,鋼筋混凝土造,,161.88,3,2,2,有,無,7750000,53340,坡道平面,40.02,1250000,,RPPPMLKMPHOFFHB68CB
潭子區,房地(土地+建物)+車位,大新段811~840地號,23.84,住,,,1070618,土地1建物1車位1,四層,13,住宅大樓(11層含以上有電梯),住家用,鋼筋混凝土造,,160.81,3,2,2,有,無,7550000,52109,坡道平面,38.95,1200000,,RPQPMLKMPHOFFHB78CB
潭子區,房地(土地+建物)+車位,大新段811~840地號,23.84,住,,,1070506,土地1建物1車位1,五層,13,住宅大樓(11層含以上有電梯),住家用,鋼筋混凝土造,,161.88,3,2,2,有,無,7750000,53340,坡道平面,40.02,1250000,,RPRPMLKMPHOFFHB88CB
潭子區,房地(土地+建物)+車位,大新段811~840地號,23.84,住,,,1070106,土地1建物1車位1,六層,13,住宅大樓(11層含以上有電梯),住家用,鋼筋混凝土造,,161.88,3,2,2,有,無,7850000,54161,坡道平面,40.02,1250000,,RPSPMLKMPHOFFHB98CB
潭子區,房地(土地+建物)+車位,大新段811~840地號,23.84,住,,,1070121,土地1建物1車位1,七層,13,住宅大樓(11層含以上有電梯),住家用,鋼筋混凝土造,,161.88,3,2,2,有,無,7800000,53750,坡道平面,40.02,1250000,,RPTPMLKMPHOFFHB09CB
潭子區,房地(土地+建物)+車位,大新段811~840地號,23.84,住,,,1070310,土地1建物1車位1,八層,13,住宅大樓(11層含以上有電梯),住家用,鋼筋混凝土造,,161.88,3,2,2,有,無,8050000,54981,坡道平面,40.02,1350000,,RPUPMLKMPHOFFHB56CB
潭子區,房地(土地+建物)+車位,大新段811~840地號,23.84,住,,,1070505,土地1建物1車位1,九層,13,住宅大樓(11層含以上有電梯),住家用,鋼筋混凝土造,,161.88,3,2,2,有,無,7920000,54735,坡道平面,40.02,1250000,,RPVPMLKMPHOFFHB66CB
潭子區,房地(土地+建物)+車位,大新段811~840地號,23.84,住,,,1070513,土地1建物1車位1,十層,13,住宅大樓(11層含以上有電梯),住家用,鋼筋混凝土造,,161.88,3,2,2,有,無,7980000,55227,坡道平面,40.02,1250000,,RPWPMLKMPHOFFHB76CB
潭子區,房地(土地+建物)+車位,大新段811~840地號,23.84,住,,,1070429,土地1建物1車位1,十一層,13,住宅大樓(11層含以上有電梯),住家用,鋼筋混凝土造,,161.88,3,2,2,有,無,8500000,58674,坡道平面,40.02,1350000,,RPXPMLKMPHOFFHB86CB
潭子區,房地(土地+建物)+車位,大新段811~840地號,23.84,住,,,1070224,土地1建物1車位1,十二層,13,住宅大樓(11層含以上有電梯),住家用,鋼筋混凝土造,,161.88,3,2,2,有,無,8000000,54981,坡道平面,40.02,1300000,,RPOQMLKMPHOFFHB68CB
潭子區,房地(土地+建物)+車位,大新段811~840地號,23.84,住,,,1070407,土地1建物1車位1,十三層,13,住宅大樓(11層含以上有電梯),住家用,鋼筋混凝土造,,161.88,3,2,2,有,無,7920000,54325,坡道平面,40.02,1300000,,RPQQMLKMPHOFFHB88CB
潭子區,房地(土地+建物)+車位,大新段811~840地號,17.35,住,,,1061125,土地1建物1車位2,一層,13,住宅大樓(11層含以上有電梯),商業用,鋼筋混凝土造,,156.92,0,0,1,有,無,11500000,114464,坡道平面,80.04,2700000,店舖,RPTQMLKMPHOFFHB56CB
潭子區,房地(土地+建物)+車位,大新段811~840地號,16.97,住,,,1061203,土地1建物1車位2,一層,13,住宅大樓(11層含以上有電梯),商業用,鋼筋混凝土造,,154.31,0,0,1,有,無,11200000,113486,坡道平面,78.97,2650000,店舖,RPUQMLKMPHOFFHB66CB
潭子區,房地(土地+建物)+車位,大新段811~840地號,24.79,住,,,1070311,土地1建物1車位1,二層,13,住宅大樓(11層含以上有電梯),住家用,鋼筋混凝土造,,166.6,3,2,2,有,無,8800000,59646,坡道平面,40.02,1250000,,RPVQMLKMPHOFFHB76CB
潭子區,房地(土地+建物)+車位,大新段811~840地號,24.79,住,,,1061230,土地1建物1車位1,三層,13,住宅大樓(11層含以上有電梯),住家用,鋼筋混凝土造,,165.6,3,2,2,有,無,8200000,54876,坡道平面,38.95,1250000,,RPWQMLKMPHOFFHB86CB
潭子區,房地(土地+建物)+車位,大新段811~840地號,24.79,住,,,1070616,土地1建物1車位1,四層,13,住宅大樓(11層含以上有電梯),住家用,鋼筋混凝土造,,166.67,3,2,2,有,無,8050000,53691,坡道平面,40.02,1250000,,RPXQMLKMPHOFFHB96CB
潭子區,房地(土地+建物)+車位,大新段811~840地號,24.79,住,,,1061231,土地1建物1車位1,五層,13,住宅大樓(11層含以上有電梯),住家用,鋼筋混凝土造,,165.6,3,2,2,有,無,8150000,54876,坡道平面,38.95,1200000,,RPORMLKMPHOFFHB78CB
潭子區,房地(土地+建物)+車位,大新段811~840地號,24.79,住,,,1061224,土地1建物1車位1,六層,13,住宅大樓(11層含以上有電梯),住家用,鋼筋混凝土造,,166.67,3,2,2,有,無,8260000,54955,坡道平面,40.02,1300000,,RPPRMLKMPHOFFHB88CB
潭子區,房地(土地+建物)+車位,大新段811~840地號,24.98,住,,,1061126,土地1建物1車位2,七層,13,住宅大樓(11層含以上有電梯),住家用,鋼筋混凝土造,,205.62,3,2,2,有,無,9280000,53139,坡道平面,78.97,2550000,,RPQRMLKMPHOFFHB98CB
潭子區,房地(土地+建物)+車位,大新段811~840地號,24.98,住,,,1061126,土地1建物1車位2,八層,13,住宅大樓(11層含以上有電梯),住家用,鋼筋混凝土造,,206.69,3,2,2,有,無,9610000,55349,坡道平面,80.04,2600000,,RPRRMLKMPHOFFHB09CB
潭子區,房地(土地+建物)+車位,大新段811~840地號,24.79,住,,,1061022,土地1建物1車位1,九層,13,住宅大樓(11層含以上有電梯),住家用,鋼筋混凝土造,,166.67,3,2,2,有,無,8500000,56850,坡道平面,40.02,1300000,,RPSRMLKMPHOFFHB56CB
潭子區,房地(土地+建物)+車位,大新段811~840地號,24.79,住,,,1070303,土地1建物1車位1,十層,13,住宅大樓(11層含以上有電梯),住家用,鋼筋混凝土造,,166.67,3,2,2,有,無,8560000,57323,坡道平面,40.02,1300000,,RPTRMLKMPHOFFHB66CB
潭子區,房地(土地+建物)+車位,大新段811~840地號,24.79,住,,,1070107,土地1建物1車位1,十一層,13,住宅大樓(11層含以上有電梯),住家用,鋼筋混凝土造,,166.67,3,2,2,有,無,8500000,56850,坡道平面,40.02,1300000,,RPURMLKMPHOFFHB76CB
潭子區,房地(土地+建物)+車位,大新段811~840地號,24.79,住,,,1061115,土地1建物1車位1,十二層,13,住宅大樓(11層含以上有電梯),住家用,鋼筋混凝土造,,166.67,3,2,2,有,無,8560000,56929,坡道平面,40.02,1350000,,RPVRMLKMPHOFFHB86CB
潭子區,房地(土地+建物)+車位,大新段811~840地號,24.79,住,,,1061223,土地1建物1車位1,十三層,13,住宅大樓(11層含以上有電梯),住家用,鋼筋混凝土造,,167.93,3,2,2,有,無,8450000,56060,坡道平面,41.28,1350000,,RPWRMLKMPHOFFHB96CB
潭子區,房地(土地+建物)+車位,大新段811~840地號,17.16,住,,,1070624,土地1建物1車位1,一層,13,住宅大樓(11層含以上有電梯),商業用,鋼筋混凝土造,,116.08,0,0,1,有,無,9750000,110852,坡道平面,38.95,1200000,店舖,RPXRMLKMPHOFFHB07CB
潭子區,房地(土地+建物)+車位,大新段811~840地號,16.4,住,,,1070630,土地1建物1車位1,一層,13,住宅大樓(11層含以上有電梯),商業用,鋼筋混凝土造,,114.02,0,0,1,有,無,9660000,111363,坡道平面,38.95,1300000,店舖,RPOSMLKMPHOFFHB88CB
潭子區,房地(土地+建物)+車位,大新段811~840地號,24.79,住,,,1070707,土地1建物1車位1,二層,13,住宅大樓(11層含以上有電梯),住家用,鋼筋混凝土造,,165.53,3,2,2,有,無,8000000,53326,坡道平面,38.95,1250000,,RPPSMLKMPHOFFHB98CB
潭子區,房地(土地+建物)+車位,大新段811~840地號,24.79,住,,,1070623,土地1建物1車位1,三層,13,住宅大樓(11層含以上有電梯),住家用,鋼筋混凝土造,,166.67,3,2,2,有,無,8280000,55113,坡道平面,40.02,1300000,,RPQSMLKMPHOFFHB09CB
南區,房地(土地+建物)+車位,下橋子頭段181~210地號,29.41,住,,,1070818,土地1建物1車位2,十五層,15,住宅大樓(11層含以上有電梯),住家用,鋼筋混凝土造,,229.34,4,2,2,有,無,14740000,73414,坡道平面,66.7,2800000,,RPQOMLKMPHOFFAB97CB
南區,房地(土地+建物)+車位,下橋子頭段181~210地號,29.41,住,,,1070901,土地1建物1車位2,四層,15,住宅大樓(11層含以上有電梯),住家用,鋼筋混凝土造,,229.34,4,2,2,有,無,13580000,68126,坡道平面,66.7,2500000,,RPROMLKMPHOFFAB08CB
南區,房地(土地+建物)+車位,下橋子頭段181~210地號,28.96,住,,,1070525,土地1建物1車位1,十一層,15,住宅大樓(11層含以上有電梯),住家用,鋼筋混凝土造,,195.99,4,2,2,有,無,13050000,72245,坡道平面,33.35,1300000,,RPUOMLKMPHOFFAB38CB
南區,房地(土地+建物)+車位,下橋子頭段181~210地號,28.96,住,,,1070528,土地1建物1車位1,十層,15,住宅大樓(11層含以上有電梯),住家用,鋼筋混凝土造,,195.99,4,2,2,有,無,13000000,71938,坡道平面,33.35,1300000,,RPVOMLKMPHOFFAB48CB
南區,房地(土地+建物)+車位,下橋子頭段181~210地號,28.96,住,,,1070607,土地1建物1車位1,八層,15,住宅大樓(11層含以上有電梯),住家用,鋼筋混凝土造,,195.99,4,2,2,有,無,12900000,71323,坡道平面,33.35,1300000,,RPWOMLKMPHOFFAB58CB
南區,房地(土地+建物)+車位,下橋子頭段181~210地號,28.96,住,,,1070525,土地1建物1車位1,六層,15,住宅大樓(11層含以上有電梯),住家用,鋼筋混凝土造,,195.99,4,2,2,有,無,12560000,69848,坡道平面,33.35,1200000,,RPXOMLKMPHOFFAB68CB
南區,房地(土地+建物)+車位,下橋子頭段181~210地號,28.96,住,,,1070430,土地1建物1車位1,三層,15,住宅大樓(11層含以上有電梯),住家用,鋼筋混凝土造,,195.99,4,2,2,有,無,12400000,68864,坡道平面,33.35,1200000,,RPOPMLKMPHOFFAB87CB
南區,房地(土地+建物)+車位,下橋子頭段181~210地號,24.06,住,,,1070814,土地1建物1車位1,十五層,15,住宅大樓(11層含以上有電梯),住家用,鋼筋混凝土造,,167.32,3,2,2,有,無,11300000,73897,坡道平面,33.35,1400000,,RPSPMLKMPHOFFAB28CB
南區,房地(土地+建物)+車位,下橋子頭段181~210地號,24.06,住,,,1070506,土地1建物1車位1,十四層,15,住宅大樓(11層含以上有電梯),住家用,鋼筋混凝土造,,167.32,3,2,2,有,無,11550000,75763,坡道平面,33.35,1400000,,RPUPMLKMPHOFFAB48CB
南區,房地(土地+建物)+車位,下橋子頭段181~210地號,24.06,住,,,1070608,土地1建物1車位1,十三層,15,住宅大樓(11層含以上有電梯),住家用,鋼筋混凝土造,,167.32,3,2,2,有,無,11200000,73151,坡道平面,33.35,1400000,,RPWPMLKMPHOFFAB68CB
南區,房地(土地+建物)+車位,下橋子頭段181~210地號,24.06,住,,,1070608,土地1建物1車位1,十二層,15,住宅大樓(11層含以上有電梯),住家用,鋼筋混凝土造,,167.32,3,2,2,有,無,11100000,73151,坡道平面,33.35,1300000,,RPXPMLKMPHOFFAB78CB
南區,房地(土地+建物)+車位,下橋子頭段181~210地號,24.06,住,,,1070509,土地1建物1車位1,六層,15,住宅大樓(11層含以上有電梯),住家用,鋼筋混凝土造,,167.32,3,2,2,有,無,10650000,69792,坡道平面,33.35,1300000,,RPOQMLKMPHOFFAB97CB
南區,房地(土地+建物)+車位,下橋子頭段181~210地號,24.06,住,,,1070503,土地1建物1車位1,十層,15,住宅大樓(11層含以上有電梯),住家用,鋼筋混凝土造,,167.32,3,2,2,有,無,11070000,72927,坡道平面,33.35,1300000,,RPPQMLKMPHOFFAB08CB
南區,房地(土地+建物)+車位,下橋子頭段181~210地號,21.39,住,,,1070505,土地1建物1車位1,十層,15,住宅大樓(11層含以上有電梯),住家用,鋼筋混凝土造,,153.49,3,2,2,有,無,9990000,72332,坡道平面,33.35,1300000,,RPSQMLKMPHOFFAB38CB
南區,房地(土地+建物)+車位,下橋子頭段181~210地號,21.39,住,,,1070606,土地1建物1車位1,九層,15,住宅大樓(11層含以上有電梯),住家用,鋼筋混凝土造,,153.49,3,2,2,有,無,9980000,72249,坡道平面,33.35,1300000,,RPTQMLKMPHOFFAB48CB
南區,房地(土地+建物)+車位,下橋子頭段181~210地號,21.39,住,,,1070512,土地1建物1車位1,十一層,15,住宅大樓(11層含以上有電梯),住家用,鋼筋混凝土造,,152.39,3,2,2,有,無,9900000,72416,坡道平面,32.25,1200000,,RPUQMLKMPHOFFAB58CB
南區,房地(土地+建物)+車位,下橋子頭段181~210地號,24.06,住,,,1070524,土地1建物1車位1,十一層,15,住宅大樓(11層含以上有電梯),住家用,鋼筋混凝土造,,168.57,3,2,2,有,無,11120000,72554,坡道平面,34.6,1400000,,RPVQMLKMPHOFFAB68CB
南區,房地(土地+建物)+車位,下橋子頭段181~210地號,21.39,住,,,1070514,土地1建物1車位1,七層,15,住宅大樓(11層含以上有電梯),住家用,鋼筋混凝土造,,153.49,3,2,2,有,無,9850000,71167,坡道平面,33.35,1300000,,RPWQMLKMPHOFFAB78CB
南區,房地(土地+建物)+車位,下橋子頭段181~210地號,21.39,住,,,1070515,土地1建物1車位1,五層,15,住宅大樓(11層含以上有電梯),住家用,鋼筋混凝土造,,153.49,3,2,2,有,無,9680000,70584,坡道平面,33.35,1200000,,RPXQMLKMPHOFFAB88CB
南區,房地(土地+建物)+車位,下橋子頭段181~210地號,21.39,住,,,1070525,土地1建物1車位1,六層,15,住宅大樓(11層含以上有電梯),住家用,鋼筋混凝土造,,153.49,3,2,2,有,無,9560000,69585,坡道平面,33.35,1200000,,RPPRMLKMPHOFFAB18CB
南區,房地(土地+建物)+車位,下橋子頭段181~210地號,21.39,住,,,1070507,土地1建物1車位1,四層,15,住宅大樓(11層含以上有電梯),住家用,鋼筋混凝土造,,153.49,3,2,2,有,無,9500000,69086,坡道平面,33.35,1200000,,RPQRMLKMPHOFFAB28CB
南區,房地(土地+建物)+車位,下橋子頭段181~210地號,21.39,住,,,1070827,土地1建物1車位1,十三層,15,住宅大樓(11層含以上有電梯),住家用,鋼筋混凝土造,,153.43,3,2,2,有,無,10190000,73201,坡道平面,33.35,1400000,,RPRRMLKMPHOFFAB38CB
南區,房地(土地+建物)+車位,下橋子頭段181~210地號,21.39,住,,,1070624,土地1建物1車位1,十一層,15,住宅大樓(11層含以上有電梯),住家用,鋼筋混凝土造,,153.43,3,2,2,有,無,10100000,73284,坡道平面,33.35,1300000,,RPSRMLKMPHOFFAB48CB
南區,房地(土地+建物)+車位,下橋子頭段181~210地號,21.39,住,,,1070810,土地1建物1車位1,二層,15,住宅大樓(11層含以上有電梯),住家用,鋼筋混凝土造,,152.59,3,2,2,有,無,9830000,72375,坡道平面,33.35,1200000,,RPTRMLKMPHOFFAB58CB
南區,房地(土地+建物)+車位,下橋子頭段181~210地號,21.39,住,,,1070711,土地1建物1車位1,九層,15,住宅大樓(11層含以上有電梯),住家用,鋼筋混凝土造,,153.43,3,2,2,有,無,9830000,71036,坡道平面,33.35,1300000,,RPURMLKMPHOFFAB68CB
南區,房地(土地+建物)+車位,下橋子頭段181~210地號,21.39,住,,,1070517,土地1建物1車位1,六層,15,住宅大樓(11層含以上有電梯),住家用,鋼筋混凝土造,,153.43,3,2,2,有,無,9500000,69121,坡道平面,33.35,1200000,,RPVRMLKMPHOFFAB78CB
南區,房地(土地+建物)+車位,下橋子頭段181~210地號,24.06,住,,,1070625,土地1建物1車位1,十層,15,住宅大樓(11層含以上有電梯),住家用,鋼筋混凝土造,,168.42,3,2,2,有,無,11300000,74036,坡道平面,33.35,1300000,,RPOSMLKMPHOFFAB18CB
南區,房地(土地+建物)+車位,下橋子頭段181~210地號,24.06,住,,,1070613,土地1建物1車位1,十四層,15,住宅大樓(11層含以上有電梯),住家用,鋼筋混凝土造,,168.42,3,2,2,有,無,11500000,74776,坡道平面,33.35,1400000,,RPPSMLKMPHOFFAB28CB
南區,房地(土地+建物)+車位,下橋子頭段181~210地號,24.06,住,,,1070523,土地1建物1車位1,八層,15,住宅大樓(11層含以上有電梯),住家用,鋼筋混凝土造,,168.42,3,2,2,有,無,11050000,72185,坡道平面,33.35,1300000,,RPRSMLKMPHOFFAB48CB
南區,房地(土地+建物)+車位,下橋子頭段181~210地號,24.06,住,,,1070517,土地1建物1車位1,七層,15,住宅大樓(11層含以上有電梯),住家用,鋼筋混凝土造,,168.42,3,2,2,有,無,10870000,70852,坡道平面,33.35,1300000,,RPSSMLKMPHOFFAB58CB
南區,房地(土地+建物)+車位,下橋子頭段181~210地號,24.06,住,,,1070613,土地1建物1車位1,十三層,15,住宅大樓(11層含以上有電梯),住家用,鋼筋混凝土造,,168.42,3,2,2,有,無,11300000,73295,坡道平面,33.35,1400000,,RPTSMLKMPHOFFAB68CB
南區,房地(土地+建物)+車位,下橋子頭段181~210地號,24.06,住,,,1070516,土地1建物1車位1,九層,15,住宅大樓(11層含以上有電梯),住家用,鋼筋混凝土造,,168.42,3,2,2,有,無,11080000,72407,坡道平面,33.35,1300000,,RPVSMLKMPHOFFAB88CB
南區,房地(土地+建物)+車位,下橋子頭段181~210地號,24.06,住,,,1070531,土地1建物1車位1,十一層,15,住宅大樓(11層含以上有電梯),住家用,鋼筋混凝土造,,168.42,3,2,2,有,無,11080000,72407,坡道平面,33.35,1300000,,RPOTMLKMPHOFFAB28CB
南區,房地(土地+建物)+車位,下橋子頭段181~210地號,24.06,住,,,1070622,土地1建物1車位1,十三層,15,住宅大樓(11層含以上有電梯),住家用,鋼筋混凝土造,,168.42,3,2,2,有,無,11500000,74776,坡道平面,33.35,1400000,,RPTTMLKMPHOFFAB78CB
南區,房地(土地+建物)+車位,下橋子頭段181~210地號,24.06,住,,,1070511,土地1建物1車位1,八層,15,住宅大樓(11層含以上有電梯),住家用,鋼筋混凝土造,,168.42,3,2,2,有,無,11280000,73888,坡道平面,33.35,1300000,,RPUTMLKMPHOFFAB88CB
南區,房地(土地+建物)+車位,下橋子頭段181~210地號,24.06,住,,,1070524,土地1建物1車位1,十層,15,住宅大樓(11層含以上有電梯),住家用,鋼筋混凝土造,,168.42,3,2,2,有,無,11060000,72259,坡道平面,33.35,1300000,,RPVTMLKMPHOFFAB98CB
南區,房地(土地+建物)+車位,下橋子頭段181~210地號,24.06,住,,,1070512,土地1建物1車位1,六層,15,住宅大樓(11層含以上有電梯),住家用,鋼筋混凝土造,,168.42,3,2,2,有,無,10750000,70704,坡道平面,33.35,1200000,,RPWTMLKMPHOFFAB09CB
南區,房地(土地+建物)+車位,下橋子頭段181~210地號,24.06,住,,,1070512,土地1建物1車位1,四層,15,住宅大樓(11層含以上有電梯),住家用,鋼筋混凝土造,,168.42,3,2,2,有,無,10600000,69594,坡道平面,33.35,1200000,,RPOUMLKMPHOFFAB38CB
南區,房地(土地+建物)+車位,下橋子頭段181~210地號,24.06,住,,,1070525,土地1建物1車位1,三層,15,住宅大樓(11層含以上有電梯),住家用,鋼筋混凝土造,,168.42,3,2,2,有,無,10560000,69297,坡道平面,33.35,1200000,,RPPUMLKMPHOFFAB48CB
南區,房地(土地+建物)+車位,下橋子頭段181~210地號,21.39,住,,,1070511,土地1建物1車位1,十層,15,住宅大樓(11層含以上有電梯),住家用,鋼筋混凝土造,,154.37,3,2,2,有,無,10000000,71889,坡道平面,33.35,1300000,,RPQUMLKMPHOFFAB58CB
南區,房地(土地+建物)+車位,下橋子頭段181~210地號,21.39,住,,,1070515,土地1建物1車位1,十一層,15,住宅大樓(11層含以上有電梯),住家用,鋼筋混凝土造,,154.37,3,2,2,有,無,9810000,71145,坡道平面,33.35,1200000,,RPRUMLKMPHOFFAB68CB
南區,房地(土地+建物)+車位,下橋子頭段181~210地號,21.39,住,,,1070605,土地1建物1車位1,六層,15,住宅大樓(11層含以上有電梯),住家用,鋼筋混凝土造,,154.37,3,2,2,有,無,9660000,69906,坡道平面,33.35,1200000,,RPSUMLKMPHOFFAB78CB
南區,房地(土地+建物)+車位,下橋子頭段181~210地號,21.39,住,,,1070601,土地1建物1車位1,五層,15,住宅大樓(11層含以上有電梯),住家用,鋼筋混凝土造,,154.37,3,2,2,有,無,9520000,68749,坡道平面,33.35,1200000,,RPTUMLKMPHOFFAB88CB
南區,房地(土地+建物)+車位,下橋子頭段181~210地號,21.39,住,,,1070801,土地1建物1車位1,十二層,15,住宅大樓(11層含以上有電梯),住家用,鋼筋混凝土造,,155.84,3,2,2,有,無,10150000,72171,坡道平面,34.6,1400000,,RPUUMLKMPHOFFAB98CB
南區,房地(土地+建物)+車位,下橋子頭段181~210地號,21.39,住,,,1070801,土地1建物1車位1,三層,15,住宅大樓(11層含以上有電梯),住家用,鋼筋混凝土造,,154.59,3,2,2,有,無,9350000,67222,坡道平面,33.35,1200000,,RPPVMLKMPHOFFAB58CB
南區,房地(土地+建物)+車位,下橋子頭段181~210地號,21.39,住,,,1070624,土地1建物1車位1,八層,15,住宅大樓(11層含以上有電梯),住家用,鋼筋混凝土造,,154.59,3,2,2,有,無,9650000,68872,坡道平面,33.35,1300000,,RPQVMLKMPHOFFAB68CB
南區,房地(土地+建物)+車位,下橋子頭段181~210地號,21.39,住,,,1080113,土地1建物1車位1,十五層,15,住宅大樓(11層含以上有電梯),住家用,鋼筋混凝土造,,154.59,3,2,2,有,無,10050000,71346,坡道平面,33.35,1400000,,RPRVMLKMPHOFFAB78CB
南區,房地(土地+建物)+車位,下橋子頭段181~210地號,21.39,住,,,1070722,土地1建物1車位1,十一層,15,住宅大樓(11層含以上有電梯),住家用,鋼筋混凝土造,,155.84,3,2,2,有,無,10080000,71594,坡道平面,34.6,1400000,,RPSVMLKMPHOFFAB88CB
南區,房地(土地+建物)+車位,下橋子頭段181~210地號,21.39,住,,,1070521,土地1建物1車位1,六層,15,住宅大樓(11層含以上有電梯),住家用,鋼筋混凝土造,,154.59,3,2,2,有,無,9330000,67057,坡道平面,33.35,1200000,,RPTVMLKMPHOFFAB98CB
南區,房地(土地+建物)+車位,下橋子頭段181~210地號,21.39,住,,,1070605,土地1建物1車位1,四層,15,住宅大樓(11層含以上有電梯),住家用,鋼筋混凝土造,,154.59,3,2,2,有,無,9250000,66397,坡道平面,33.35,1200000,,RPUVMLKMPHOFFAB09CB
南區,房地(土地+建物)+車位,下橋子頭段181~210地號,16.04,住,,,1070511,土地1建物1車位1,十層,15,住宅大樓(11層含以上有電梯),住家用,鋼筋混凝土造,,129.84,2,2,1,有,無,8250000,72028,坡道平面,33.35,1300000,,RPXVMLKMPHOFFAB76CB
南區,房地(土地+建物)+車位,下橋子頭段181~210地號,16.04,住,,,1070513,土地1建物1車位1,六層,15,住宅大樓(11層含以上有電梯),住家用,鋼筋混凝土造,,129.84,2,2,1,有,無,7880000,69230,坡道平面,33.35,1200000,,RPOWMLKMPHOFFAB58CB
南區,房地(土地+建物)+車位,下橋子頭段181~210地號,16.04,住,,,1070516,土地1建物1車位1,四層,15,住宅大樓(11層含以上有電梯),住家用,鋼筋混凝土造,,129.84,2,2,1,有,無,7800000,68401,坡道平面,33.35,1200000,,RPPWMLKMPHOFFAB68CB
南區,房地(土地+建物)+車位,下橋子頭段181~210地號,16.04,住,,,1070722,土地1建物1車位1,十四層,15,住宅大樓(11層含以上有電梯),住家用,鋼筋混凝土造,,129.12,2,2,1,有,無,8350000,72570,坡道平面,33.35,1400000,,RPQWMLKMPHOFFAB78CB
南區,房地(土地+建物)+車位,下橋子頭段181~210地號,16.04,住,,,1070706,土地1建物1車位1,十層,15,住宅大樓(11層含以上有電梯),住家用,鋼筋混凝土造,,129.12,2,2,1,有,無,8280000,72883,坡道平面,33.35,1300000,,RPRWMLKMPHOFFAB88CB
南區,房地(土地+建物)+車位,下橋子頭段181~210地號,16.04,住,,,1070804,土地1建物1車位1,十二層,15,住宅大樓(11層含以上有電梯),住家用,鋼筋混凝土造,,129.12,2,2,1,有,無,8260000,72674,坡道平面,33.35,1300000,,RPSWMLKMPHOFFAB98CB
南區,房地(土地+建物)+車位,下橋子頭段181~210地號,16.04,住,,,1070504,土地1建物1車位1,十一層,15,住宅大樓(11層含以上有電梯),住家用,鋼筋混凝土造,,129.12,2,2,1,有,無,8120000,71212,坡道平面,33.35,1300000,,RPTWMLKMPHOFFAB09CB
南區,房地(土地+建物)+車位,下橋子頭段181~210地號,16.04,住,,,1070722,土地1建物1車位1,十三層,15,住宅大樓(11層含以上有電梯),住家用,鋼筋混凝土造,,128.02,2,2,1,有,無,8080000,71839,坡道平面,32.25,1200000,,RPUWMLKMPHOFFAB56CB
南區,房地(土地+建物)+車位,下橋子頭段181~210地號,16.04,住,,,1070606,土地1建物1車位1,七層,15,住宅大樓(11層含以上有電梯),住家用,鋼筋混凝土造,,129.12,0,0,0,無,無,8040000,71421,坡道平面,33.35,1200000,,RPVWMLKMPHOFFAB66CB
南區,房地(土地+建物)+車位,下橋子頭段181~210地號,16.04,住,,,1070507,土地1建物1車位1,六層,15,住宅大樓(11層含以上有電梯),住家用,鋼筋混凝土造,,129.12,2,2,1,有,無,7950000,70481,坡道平面,33.35,1200000,,RPXWMLKMPHOFFAB86CB
南區,房地(土地+建物)+車位,下橋子頭段181~210地號,16.04,住,,,1070526,土地1建物1車位1,五層,15,住宅大樓(11層含以上有電梯),住家用,鋼筋混凝土造,,129.12,2,2,1,有,無,7800000,68915,坡道平面,33.35,1200000,,RPPNNLKMPHOFFAB87CB
南區,房地(土地+建物)+車位,下橋子頭段181~210地號,16.04,住,,,1070629,土地1建物1車位1,三層,15,住宅大樓(11層含以上有電梯),住家用,鋼筋混凝土造,,129.12,2,2,1,有,無,7750000,68393,坡道平面,33.35,1200000,,RPQNNLKMPHOFFAB97CB
南區,房地(土地+建物)+車位,下橋子頭段181~210地號,16.04,住,,,1070619,土地1建物1車位1,二層,15,住宅大樓(11層含以上有電梯),住家用,鋼筋混凝土造,,127.6,2,2,1,有,無,7700000,68966,坡道平面,33.35,1200000,,RPRNNLKMPHOFFAB08CB
南區,房地(土地+建物)+車位,下橋子頭段181~210地號,10.69,住,,,1070719,土地1建物1車位1,十三層,15,住宅大樓(11層含以上有電梯),住家用,鋼筋混凝土造,,96.23,1,2,1,有,無,6060000,74109,坡道平面,33.35,1400000,,RPTNNLKMPHOFFAB28CB
南區,房地(土地+建物)+車位,下橋子頭段181~210地號,16.04,住,,,1070524,土地1建物1車位1,十層,15,住宅大樓(11層含以上有電梯),住家用,鋼筋混凝土造,,96.23,2,2,1,有,無,8300000,111323,坡道平面,33.35,1300000,,RPOONLKMPHOFFAB87CB
南區,房地(土地+建物)+車位,下橋子頭段181~210地號,16.04,住,,,1070503,土地1建物1車位1,十層,15,住宅大樓(11層含以上有電梯),住家用,鋼筋混凝土造,,130.45,2,2,1,有,無,7880000,68795,坡道平面,33.35,1200000,,RPPONLKMPHOFFAB97CB
南區,房地(土地+建物)+車位,下橋子頭段181~210地號,16.04,住,,,1070518,土地1建物1車位1,九層,15,住宅大樓(11層含以上有電梯),住家用,鋼筋混凝土造,,131.08,2,2,1,有,無,8200000,70603,坡道平面,33.35,1300000,,RPQONLKMPHOFFAB08CB
南區,房地(土地+建物)+車位,下橋子頭段181~210地號,16.04,住,,,1070516,土地1建物1車位1,七層,15,住宅大樓(11層含以上有電梯),住家用,鋼筋混凝土造,,131.08,2,2,1,有,無,8000000,68556,坡道平面,33.35,1300000,,RPRONLKMPHOFFAB18CB
南區,房地(土地+建物)+車位,下橋子頭段181~210地號,10.69,住,,,1070518,土地1建物1車位1,十四層,15,住宅大樓(11層含以上有電梯),住家用,鋼筋混凝土造,,96.7,1,2,1,有,無,6070000,73717,坡道平面,33.35,1400000,,RPTONLKMPHOFFAB38CB
南區,房地(土地+建物)+車位,下橋子頭段181~210地號,10.69,住,,,1070517,土地1建物1車位1,十五層,15,住宅大樓(11層含以上有電梯),住家用,鋼筋混凝土造,,96.7,1,2,1,有,無,6080000,73875,坡道平面,33.35,1400000,,RPVONLKMPHOFFAB58CB
南區,房地(土地+建物)+車位,下橋子頭段181~210地號,10.69,住,,,1070518,土地1建物1車位1,十三層,15,住宅大樓(11層含以上有電梯),住家用,鋼筋混凝土造,,96.7,1,2,1,有,無,6000000,74191,坡道平面,33.35,1300000,,RPWONLKMPHOFFAB68CB
南區,房地(土地+建物)+車位,下橋子頭段181~210地號,10.69,住,,,1070705,土地1建物1車位1,十二層,15,住宅大樓(11層含以上有電梯),住家用,鋼筋混凝土造,,96.7,1,2,1,有,無,5900000,72612,坡道平面,33.35,1300000,,RPOPNLKMPHOFFAB97CB
南區,房地(土地+建物)+車位,下橋子頭段181~210地號,10.69,住,,,1070712,土地1建物1車位1,十一層,15,住宅大樓(11層含以上有電梯),住家用,鋼筋混凝土造,,96.7,1,2,1,有,無,5900000,72612,坡道平面,33.35,1300000,,RPPPNLKMPHOFFAB08CB
南區,房地(土地+建物)+車位,下橋子頭段181~210地號,10.69,住,,,1070903,土地1建物1車位1,七層,15,住宅大樓(11層含以上有電梯),住家用,鋼筋混凝土造,,96.7,1,2,1,有,無,5800000,72612,坡道平面,33.35,1200000,,RPQPNLKMPHOFFAB18CB
南區,房地(土地+建物)+車位,下橋子頭段181~210地號,10.69,住,,,1070905,土地1建物1車位1,三層,15,住宅大樓(11層含以上有電梯),住家用,鋼筋混凝土造,,96.7,1,2,1,有,無,5700000,69455,坡道平面,33.35,1300000,,RPRPNLKMPHOFFAB28CB
南區,房地(土地+建物)+車位,下橋子頭段181~210地號,10.69,住,,,1070529,土地1建物1車位1,四層,15,住宅大樓(11層含以上有電梯),住家用,鋼筋混凝土造,,96.7,1,2,1,有,無,5650000,70245,坡道平面,33.35,1200000,,RPSPNLKMPHOFFAB38CB
南區,房地(土地+建物)+車位,下橋子頭段181~210地號,10.69,住,,,1070505,土地1建物1車位1,五層,15,住宅大樓(11層含以上有電梯),住家用,鋼筋混凝土造,,96.7,1,2,1,有,無,5600000,69455,坡道平面,33.35,1200000,,RPTPNLKMPHOFFAB48CB
南區,房地(土地+建物)+車位,下橋子頭段181~210地號,10.69,住,,,1070929,土地1建物1車位1,二層,15,住宅大樓(11層含以上有電梯),住家用,鋼筋混凝土造,,95.7,1,2,1,有,無,5500000,68966,坡道平面,33.35,1200000,,RPUPNLKMPHOFFAB58CB
南區,房地(土地+建物)+車位,下橋子頭段181~210地號,16.04,住,,,1070517,土地1建物1車位1,十層,15,住宅大樓(11層含以上有電梯),住家用,鋼筋混凝土造,,129.75,2,2,1,有,無,8280000,72407,坡道平面,33.35,1300000,,RPVPNLKMPHOFFAB68CB
南區,房地(土地+建物)+車位,下橋子頭段181~210地號,16.04,住,,,1080216,土地1建物1車位1,七層,15,住宅大樓(11層含以上有電梯),住家用,鋼筋混凝土造,,129.75,2,2,1,有,無,8100000,71577,坡道平面,33.35,1200000,,RPXPNLKMPHOFFAB88CB
南區,房地(土地+建物)+車位,下橋子頭段181~210地號,16.04,住,,,1070520,土地1建物1車位1,五層,15,住宅大樓(11層含以上有電梯),住家用,鋼筋混凝土造,,129.75,2,2,1,有,無,7750000,67946,坡道平面,33.35,1200000,,RPOQNLKMPHOFFAB08CB
南區,房地(土地+建物)+車位,下橋子頭段181~210地號,16.49,住,,,1070519,土地1建物1車位1,十三層,15,住宅大樓(11層含以上有電梯),住家用,鋼筋混凝土造,,132.65,2,2,1,有,無,8470000,72205,坡道平面,33.35,1300000,,RPPQNLKMPHOFFAB18CB
南區,房地(土地+建物)+車位,下橋子頭段181~210地號,28.96,住,,,1070624,土地1建物1車位1,二層,15,住宅大樓(11層含以上有電梯),住家用,鋼筋混凝土造,,196.03,4,2,2,有,無,12290000,68079,坡道平面,34.6,1300000,,RPQQNLKMPHOFFAB28CB
南區,房地(土地+建物)+車位,下橋子頭段181~210地號,29.41,住,,,1070806,土地1建物1車位1,十四層,15,住宅大樓(11層含以上有電梯),住家用,鋼筋混凝土造,,229.33,4,2,2,有,無,14600000,72557,坡道平面,66.7,2800000,,RPRQNLKMPHOFFAB38CB
南區,房地(土地+建物)+車位,下橋子頭段181~210地號,24.06,住,,,1070613,土地1建物1車位1,三層,15,住宅大樓(11層含以上有電梯),住家用,鋼筋混凝土造,,168.57,3,2,2,有,無,10400000,67926,坡道平面,34.6,1300000,,RPTQNLKMPHOFFAB58CB
南區,房地(土地+建物)+車位,下橋子頭段181~210地號,21.39,住,,,1071222,土地1建物1車位1,十五層,15,住宅大樓(11層含以上有電梯),住家用,鋼筋混凝土造,,153.43,3,2,2,有,無,10130000,72702,坡道平面,33.35,1400000,,RPUQNLKMPHOFFAB68CB
南區,房地(土地+建物)+車位,下橋子頭段181~210地號,21.39,住,,,1070506,土地1建物1車位1,三層,15,住宅大樓(11層含以上有電梯),住家用,鋼筋混凝土造,,153.43,3,2,2,有,無,9190000,66539,坡道平面,33.35,1200000,,RPVQNLKMPHOFFAB78CB
南區,房地(土地+建物)+車位,下橋子頭段181~210地號,24.06,住,,,1070812,土地1建物1車位1,十五層,15,住宅大樓(11層含以上有電梯),住家用,鋼筋混凝土造,,168.42,3,2,2,有,無,11510000,74850,坡道平面,33.35,1400000,,RPWQNLKMPHOFFAB88CB
南區,房地(土地+建物)+車位,下橋子頭段181~210地號,21.39,住,,,1070815,土地1建物1車位1,十二層,15,住宅大樓(11層含以上有電梯),住家用,鋼筋混凝土造,,153.43,3,2,2,有,無,9980000,72285,坡道平面,33.35,1300000,,RPXQNLKMPHOFFAB98CB
南區,房地(土地+建物)+車位,下橋子頭段181~210地號,21.39,住,,,1070510,土地1建物1車位1,四層,15,住宅大樓(11層含以上有電梯),住家用,鋼筋混凝土造,,153.43,3,2,2,有,無,9200000,66622,坡道平面,33.35,1200000,,RPORNLKMPHOFFAB18CB
南區,房地(土地+建物)+車位,下橋子頭段181~210地號,24.06,住,,,1070617,土地1建物1車位1,五層,15,住宅大樓(11層含以上有電梯),住家用,鋼筋混凝土造,,168.42,3,2,2,有,無,10550000,69223,坡道平面,33.35,1200000,,RPPRNLKMPHOFFAB28CB
南區,房地(土地+建物)+車位,下橋子頭段181~210地號,24.06,住,,,1070624,土地1建物1車位1,五層,15,住宅大樓(11層含以上有電梯),住家用,鋼筋混凝土造,,168.63,3,2,2,有,無,10500000,68007,坡道平面,33.35,1300000,,RPQRNLKMPHOFFAB38CB
南區,房地(土地+建物)+車位,下橋子頭段181~210地號,24.06,住,,,1070526,土地1建物1車位1,九層,15,住宅大樓(11層含以上有電梯),住家用,鋼筋混凝土造,,168.42,3,2,2,有,無,10860000,71518,坡道平面,33.35,1200000,,RPRRNLKMPHOFFAB48CB
南區,房地(土地+建物)+車位,下橋子頭段181~210地號,21.39,住,,,1070505,土地1建物1車位1,四層,15,住宅大樓(11層含以上有電梯),住家用,鋼筋混凝土造,,154.37,3,2,2,有,無,9290000,66848,坡道平面,33.35,1200000,,RPSRNLKMPHOFFAB58CB
南區,房地(土地+建物)+車位,下橋子頭段181~210地號,21.39,住,,,1070602,土地1建物1車位1,八層,15,住宅大樓(11層含以上有電梯),住家用,鋼筋混凝土造,,154.37,3,2,2,有,無,9760000,69079,坡道平面,33.35,1400000,,RPTRNLKMPHOFFAB68CB
南區,房地(土地+建物)+車位,下橋子頭段181~210地號,21.39,住,,,1070721,土地1建物1車位1,七層,15,住宅大樓(11層含以上有電梯),住家用,鋼筋混凝土造,,154.59,3,2,2,有,無,9550000,68047,坡道平面,33.35,1300000,,RPURNLKMPHOFFAB78CB
南區,房地(土地+建物)+車位,下橋子頭段181~210地號,10.69,住,,,1070616,土地1建物1車位1,十四層,15,住宅大樓(11層含以上有電梯),住家用,鋼筋混凝土造,,96.23,1,2,1,有,無,5900000,73155,坡道平面,33.35,1300000,,RPVRNLKMPHOFFAB88CB
南區,房地(土地+建物)+車位,下橋子頭段181~210地號,10.69,住,,,1070504,土地1建物1車位1,六層,15,住宅大樓(11層含以上有電梯),住家用,鋼筋混凝土造,,96.23,1,2,1,有,無,5600000,69975,坡道平面,33.35,1200000,,RPWRNLKMPHOFFAB98CB
南區,房地(土地+建物)+車位,下橋子頭段181~210地號,10.69,住,,,1070507,土地1建物1車位1,七層,15,住宅大樓(11層含以上有電梯),住家用,鋼筋混凝土造,,96.23,1,2,1,有,無,5650000,70770,坡道平面,33.35,1200000,,RPXRNLKMPHOFFAB09CB
南區,房地(土地+建物)+車位,下橋子頭段181~210地號,10.69,住,,,1070524,土地1建物1車位1,十層,15,住宅大樓(11層含以上有電梯),住家用,鋼筋混凝土造,,96.23,1,2,1,有,無,5920000,73473,坡道平面,33.35,1300000,,RPOSNLKMPHOFFAB28CB
南區,房地(土地+建物)+車位,下橋子頭段181~210地號,10.69,住,,,1070502,土地1建物1車位1,四層,15,住宅大樓(11層含以上有電梯),住家用,鋼筋混凝土造,,96.23,1,2,1,有,無,5450000,67589,坡道平面,33.35,1200000,,RPPSNLKMPHOFFAB38CB
南區,房地(土地+建物)+車位,下橋子頭段181~210地號,16.04,住,,,1071224,土地1建物1車位1,十一層,15,住宅大樓(11層含以上有電梯),住家用,鋼筋混凝土造,,131.08,2,2,1,有,無,8300000,71626,坡道平面,33.35,1300000,,RPQSNLKMPHOFFAB48CB
南區,房地(土地+建物)+車位,下橋子頭段181~210地號,16.04,住,,,1070802,土地1建物1車位1,十層,15,住宅大樓(11層含以上有電梯),住家用,鋼筋混凝土造,,131.08,2,2,1,有,無,8200000,70603,坡道平面,33.35,1300000,,RPRSNLKMPHOFFAB58CB
南區,房地(土地+建物),下橋子頭段181~210地號,15.6,住,,,1071206,土地1建物1車位0,三層,15,住宅大樓(11層含以上有電梯),住家用,鋼筋混凝土造,,97.73,2,2,1,有,無,6650000,68045,,0.0,0,,RPSSNLKMPHOFFAB68CB
南區,房地(土地+建物),下橋子頭段181~210地號,15.6,住,,,1071206,土地1建物1車位0,六層,15,住宅大樓(11層含以上有電梯),住家用,鋼筋混凝土造,,97.73,2,2,1,有,無,6800000,69579,,0.0,0,,RPTSNLKMPHOFFAB78CB
南區,房地(土地+建物)+車位,下橋子頭段181~210地號,16.04,住,,,1071224,土地1建物1車位1,十二層,15,住宅大樓(11層含以上有電梯),住家用,鋼筋混凝土造,,131.08,2,2,1,有,無,8300000,71626,坡道平面,33.35,1300000,,RPUSNLKMPHOFFAB88CB
南區,房地(土地+建物),下橋子頭段181~210地號,15.6,住,,,1080115,土地1建物1車位0,二層,15,住宅大樓(11層含以上有電梯),住家用,鋼筋混凝土造,,94.88,2,2,1,有,無,6080000,64081,,0.0,0,,RPVSNLKMPHOFFAB98CB
南區,房地(土地+建物)+車位,下橋子頭段181~210地號,16.49,住,,,1080106,土地1建物1車位1,十一層,15,住宅大樓(11層含以上有電梯),住家用,鋼筋混凝土造,,132.65,2,2,1,有,無,8300000,71501,坡道平面,33.35,1200000,,RPWSNLKMPHOFFAB09CB
南區,房地(土地+建物)+車位,下橋子頭段181~210地號,16.49,住,,,1071216,土地1建物1車位1,九層,15,住宅大樓(11層含以上有電梯),住家用,鋼筋混凝土造,,132.65,2,2,1,有,無,8200000,70493,坡道平面,33.35,1200000,,RPXSNLKMPHOFFAB56CB
南區,房地(土地+建物)+車位,下橋子頭段181~210地號,16.49,住,,,1070223,土地1建物1車位1,十四層,15,住宅大樓(11層含以上有電梯),住家用,鋼筋混凝土造,,132.65,2,2,1,有,無,8350000,72004,坡道平面,33.35,1200000,,RPOTNLKMPHOFFAB38CB
南區,房地(土地+建物)+車位,下橋子頭段181~210地號,10.69,住,,,1070525,土地1建物1車位1,三層,15,住宅大樓(11層含以上有電梯),住家用,鋼筋混凝土造,,95.23,1,2,1,有,無,5410000,68035,坡道平面,33.35,1200000,,RPQTNLKMPHOFFAB58CB
南區,房地(土地+建物)+車位,下橋子頭段181~210地號,28.96,住,,,1070530,土地1建物1車位1,五層,15,住宅大樓(11層含以上有電梯),住家用,鋼筋混凝土造,,195.99,4,2,2,有,無,12280000,67511,坡道平面,33.35,1300000,,RPRTNLKMPHOFFAB68CB
南區,房地(土地+建物)+車位,下橋子頭段181~210地號,28.96,住,,,1070602,土地1建物1車位1,七層,15,住宅大樓(11層含以上有電梯),住家用,鋼筋混凝土造,,195.99,4,2,2,有,無,12480000,68741,坡道平面,33.35,1300000,,RPSTNLKMPHOFFAB78CB
南區,房地(土地+建物)+車位,下橋子頭段181~210地號,21.39,住,,,1070622,土地1建物1車位1,三層,15,住宅大樓(11層含以上有電梯),住家用,鋼筋混凝土造,,153.49,3,2,2,有,無,9300000,67421,坡道平面,33.35,1200000,,RPTTNLKMPHOFFAB88CB
潭子區,房地(土地+建物)+車位,大新段811~840地號,24.79,住,,,1070609,土地1建物1車位1,四層,13,住宅大樓(11層含以上有電梯),住家用,鋼筋混凝土造,,166.67,3,2,2,有,無,8130000,54323,坡道平面,40.02,1250000,,RPXNMLLJQHOFFHB56CB
潭子區,房地(土地+建物)+車位,大新段811~840地號,24.79,住,,,1070601,土地1建物1車位1,五層,13,住宅大樓(11層含以上有電梯),住家用,鋼筋混凝土造,,166.67,3,2,2,有,無,7390000,51480,坡道平面,40.02,870000,續租。;員工戶,RPOOMLLJQHOFFHB38CB
潭子區,房地(土地+建物)+車位,大新段811~840地號,24.98,住,,,1070601,土地1建物1車位2,六層,13,住宅大樓(11層含以上有電梯),住家用,鋼筋混凝土造,,206.69,3,2,2,有,無,8300000,51796,坡道平面,80.04,1740000,續租。;員工戶,RPPOMLLJQHOFFHB48CB
潭子區,房地(土地+建物)+車位,大新段811~840地號,24.79,住,,,1070421,土地1建物1車位1,七層,13,住宅大樓(11層含以上有電梯),住家用,鋼筋混凝土造,,166.67,3,2,2,有,無,8380000,56297,坡道平面,40.02,1250000,,RPQOMLLJQHOFFHB58CB
潭子區,房地(土地+建物)+車位,大新段811~840地號,24.79,住,,,1070310,土地1建物1車位1,八層,13,住宅大樓(11層含以上有電梯),住家用,鋼筋混凝土造,,166.67,3,2,2,有,無,8510000,57323,坡道平面,40.02,1250000,,RPROMLLJQHOFFHB68CB
潭子區,房地(土地+建物)+車位,大新段811~840地號,24.79,住,,,1061113,土地1建物1車位1,九層,13,住宅大樓(11層含以上有電梯),住家用,鋼筋混凝土造,,166.67,3,2,2,有,無,8650000,58034,坡道平面,40.02,1300000,,RPTOMLLJQHOFFHB88CB
潭子區,房地(土地+建物)+車位,大新段811~840地號,24.79,住,,,1061111,土地1建物1車位1,十層,13,住宅大樓(11層含以上有電梯),住家用,鋼筋混凝土造,,166.67,3,2,2,有,無,8660000,57718,坡道平面,40.02,1350000,,RPUOMLLJQHOFFHB98CB
潭子區,房地(土地+建物)+車位,大新段811~840地號,24.79,住,,,1070128,土地1建物1車位1,十一層,13,住宅大樓(11層含以上有電梯),住家用,鋼筋混凝土造,,166.67,3,2,2,有,無,8500000,57244,坡道平面,40.02,1250000,,RPVOMLLJQHOFFHB09CB
潭子區,房地(土地+建物)+車位,大新段811~840地號,24.79,住,,,1070211,土地1建物1車位1,十二層,13,住宅大樓(11層含以上有電梯),住家用,鋼筋混凝土造,,166.67,3,2,2,有,無,8500000,57244,坡道平面,40.02,1250000,,RPWOMLLJQHOFFHB56CB
潭子區,房地(土地+建物)+車位,大新段811~840地號,24.79,住,,,1070512,土地1建物1車位1,十三層,13,住宅大樓(11層含以上有電梯),住家用,鋼筋混凝土造,,166.67,3,2,2,有,無,8380000,56297,坡道平面,40.02,1250000,,RPXOMLLJQHOFFHB66CB
潭子區,房地(土地+建物)+車位,大新段811~840地號,17.54,住,,,1070722,土地1建物1車位1,一層,13,住宅大樓(11層含以上有電梯),商業用,鋼筋混凝土造,,118.35,0,0,1,有,無,10800000,120907,坡道平面,38.95,1200000,店舖,RPOPMLLJQHOFFHB48CB
潭子區,房地(土地+建物)+車位,大新段811~840地號,17.74,住,,,1070630,土地1建物1車位1,一層,13,住宅大樓(11層含以上有電梯),商業用,鋼筋混凝土造,,119.82,0,0,1,有,無,11380000,125263,坡道平面,38.95,1250000,店舖,RPPPMLLJQHOFFHB58CB
潭子區,房地(土地+建物)+車位,大新段811~840地號,24.98,住,,,1070617,土地1建物1車位1,二層,13,住宅大樓(11層含以上有電梯),住家用,鋼筋混凝土造,,166.73,3,2,2,有,無,8300000,54782,坡道平面,38.95,1300000,,RPQPMLLJQHOFFHB68CB
潭子區,房地(土地+建物)+車位,大新段811~840地號,24.98,住,,,1070701,土地1建物1車位1,三層,13,住宅大樓(11層含以上有電梯),住家用,鋼筋混凝土造,,169.29,3,2,2,有,無,8630000,56316,坡道平面,40.02,1350000,,RPRPMLLJQHOFFHB78CB
潭子區,房地(土地+建物)+車位,大新段811~840地號,24.98,住,,,1070331,土地1建物1車位1,四層,13,住宅大樓(11層含以上有電梯),住家用,鋼筋混凝土造,,169.29,3,2,2,有,無,8550000,56471,坡道平面,40.02,1250000,,RPSPMLLJQHOFFHB88CB
潭子區,房地(土地+建物)+車位,大新段811~840地號,24.98,住,,,1070325,土地1建物1車位1,五層,13,住宅大樓(11層含以上有電梯),住家用,鋼筋混凝土造,,169.29,3,2,2,有,無,8520000,56239,坡道平面,40.02,1250000,,RPTPMLLJQHOFFHB98CB
潭子區,房地(土地+建物)+車位,大新段811~840地號,25.17,住,,,1061209,土地1建物1車位2,六層,13,住宅大樓(11層含以上有電梯),住家用,鋼筋混凝土造,,208.24,3,2,2,有,無,9700000,55311,坡道平面,78.97,2550000,,RPUPMLLJQHOFFHB09CB
潭子區,房地(土地+建物)+車位,大新段811~840地號,24.98,住,,,1061029,土地1建物1車位1,七層,13,住宅大樓(11層含以上有電梯),住家用,鋼筋混凝土造,,169.29,3,2,2,有,無,8800000,58018,坡道平面,40.02,1300000,,RPVPMLLJQHOFFHB56CB
潭子區,房地(土地+建物)+車位,大新段811~840地號,24.98,住,,,1061202,土地1建物1車位1,八層,13,住宅大樓(11層含以上有電梯),住家用,鋼筋混凝土造,,169.29,3,2,2,有,無,8750000,57631,坡道平面,40.02,1300000,,RPWPMLLJQHOFFHB66CB
潭子區,房地(土地+建物)+車位,大新段811~840地號,25.17,住,,,1061105,土地1建物1車位2,九層,13,住宅大樓(11層含以上有電梯),住家用,鋼筋混凝土造,,209.31,3,2,2,有,無,9800000,56084,坡道平面,80.04,2550000,,RPXPMLLJQHOFFHB76CB
潭子區,房地(土地+建物)+車位,大新段811~840地號,24.98,住,,,1070218,土地1建物1車位1,十層,13,住宅大樓(11層含以上有電梯),住家用,鋼筋混凝土造,,169.29,3,2,2,有,無,8950000,59178,坡道平面,40.02,1300000,,RPOQMLLJQHOFFHB58CB
潭子區,房地(土地+建物)+車位,大新段811~840地號,24.98,住,,,1061119,土地1建物1車位1,十一層,13,住宅大樓(11層含以上有電梯),住家用,鋼筋混凝土造,,169.29,3,2,2,有,無,8760000,57709,坡道平面,40.02,1300000,,RPPQMLLJQHOFFHB68CB
潭子區,房地(土地+建物)+車位,大新段811~840地號,24.98,住,,,1070304,土地1建物1車位1,十二層,13,住宅大樓(11層含以上有電梯),住家用,鋼筋混凝土造,,169.29,3,2,2,有,無,8700000,57631,坡道平面,40.02,1250000,,RPRQMLLJQHOFFHB88CB
潭子區,房地(土地+建物)+車位,大新段811~840地號,24.98,住,,,1070331,土地1建物1車位1,十三層,13,住宅大樓(11層含以上有電梯),住家用,鋼筋混凝土造,,169.29,3,2,2,有,無,8750000,57631,坡道平面,40.02,1300000,,RPSQMLLJQHOFFHB98CB
潭子區,房地(土地+建物)+車位,大新段811~840地號,18.12,住,,,1070519,土地1建物1車位1,一層,13,住宅大樓(11層含以上有電梯),商業用,鋼筋混凝土造,,122.27,0,0,1,有,無,11640000,126322,坡道平面,40.02,1250000,店舖,RPTQMLLJQHOFFHB09CB
潭子區,房地(土地+建物)+車位,大新段811~840地號,24.98,住,,,1070526,土地1建物1車位1,二層,13,住宅大樓(11層含以上有電梯),住家用,鋼筋混凝土造,,167.8,3,2,2,有,無,9100000,61434,坡道平面,40.02,1250000,,RPUQMLLJQHOFFHB56CB
潭子區,房地(土地+建物)+車位,大新段811~840地號,24.98,住,,,1070527,土地1建物1車位1,三層,13,住宅大樓(11層含以上有電梯),住家用,鋼筋混凝土造,,169.29,3,2,2,有,無,8600000,56084,坡道平面,40.02,1350000,,RPVQMLLJQHOFFHB66CB
潭子區,房地(土地+建物)+車位,大新段811~840地號,24.98,住,,,1070318,土地1建物1車位1,四層,13,住宅大樓(11層含以上有電梯),住家用,鋼筋混凝土造,,169.29,3,2,2,有,無,8390000,55233,坡道平面,40.02,1250000,,RPWQMLLJQHOFFHB76CB
潭子區,房地(土地+建物)+車位,大新段811~840地號,24.98,住,,,1070210,土地1建物1車位1,五層,13,住宅大樓(11層含以上有電梯),住家用,鋼筋混凝土造,,169.29,3,2,2,有,無,8500000,55697,坡道平面,40.02,1300000,,RPXQMLLJQHOFFHB86CB
潭子區,房地(土地+建物)+車位,大新段811~840地號,24.98,住,,,1061022,土地1建物1車位1,六層,13,住宅大樓(11層含以上有電梯),住家用,鋼筋混凝土造,,169.29,3,2,2,有,無,8760000,57322,坡道平面,40.02,1350000,,RPORMLLJQHOFFHB68CB
潭子區,房地(土地+建物)+車位,大新段811~840地號,25.17,住,,,1061216,土地1建物1車位2,七層,13,住宅大樓(11層含以上有電梯),住家用,鋼筋混凝土造,,209.31,3,2,2,有,無,9880000,55543,坡道平面,80.04,2700000,,RPPRMLLJQHOFFHB78CB
潭子區,房地(土地+建物)+車位,大新段811~840地號,24.98,住,,,1070103,土地1建物1車位1,八層,13,住宅大樓(11層含以上有電梯),住家用,鋼筋混凝土造,,169.29,3,2,2,有,無,8820000,57786,坡道平面,40.02,1350000,,RPQRMLLJQHOFFHB88CB
潭子區,房地(土地+建物)+車位,大新段811~840地號,24.98,住,,,1070317,土地1建物1車位1,九層,13,住宅大樓(11層含以上有電梯),住家用,鋼筋混凝土造,,169.29,3,2,2,有,無,8750000,57631,坡道平面,40.02,1300000,,RPRRMLLJQHOFFHB98CB
潭子區,房地(土地+建物)+車位,大新段811~840地號,24.98,住,,,1070324,土地1建物1車位1,十層,13,住宅大樓(11層含以上有電梯),住家用,鋼筋混凝土造,,169.29,3,2,2,有,無,8830000,58637,坡道平面,40.02,1250000,,RPSRMLLJQHOFFHB09CB
潭子區,房地(土地+建物)+車位,大新段811~840地號,24.98,住,,,1070121,土地1建物1車位1,十一層,13,住宅大樓(11層含以上有電梯),住家用,鋼筋混凝土造,,169.29,3,2,2,有,無,8700000,57245,坡道平面,40.02,1300000,,RPTRMLLJQHOFFHB56CB
潭子區,房地(土地+建物)+車位,大新段811~840地號,24.98,住,,,1070204,土地1建物1車位1,十二層,13,住宅大樓(11層含以上有電梯),住家用,鋼筋混凝土造,,169.29,3,2,2,有,無,8700000,57245,坡道平面,40.02,1300000,,RPURMLLJQHOFFHB66CB
潭子區,房地(土地+建物)+車位,大新段811~840地號,24.98,住,,,1070428,土地1建物1車位1,十三層,13,住宅大樓(11層含以上有電梯),住家用,鋼筋混凝土造,,169.29,3,2,2,有,無,8620000,56626,坡道平面,40.02,1300000,,RPVRMLLJQHOFFHB76CB
潭子區,房地(土地+建物)+車位,大新段811~840地號,17.74,住,,,1070519,土地1建物1車位1,一層,13,住宅大樓(11層含以上有電梯),商業用,鋼筋混凝土造,,120.9,0,0,1,有,無,11360000,125000,坡道平面,40.02,1250000,店舖,RPXRMLLJQHOFFHB96CB
