﻿鄉鎮市區,交易標的,土地區段位置建物區段門牌,土地移轉總面積平方公尺,都市土地使用分區,非都市土地使用分區,非都市土地使用編定,交易年月日,交易筆棟數,移轉層次,總樓層數,建物型態,主要用途,主要建材,建築完成年月,建物移轉總面積平方公尺,建物現況格局-房,建物現況格局-廳,建物現況格局-衛,建物現況格局-隔間,有無管理組織,總價元,單價元平方公尺,車位類別,車位移轉總面積平方公尺,車位總價元,備註,編號
The villages and towns urban district,transaction sign,land sector position building sector house number plate,land shifting total area square meter,the use zoning or compiles and checks,the non-metropolis land use district,non-metropolis land use,transaction year month and day,transaction pen number,shifting level,total floor number,building state,main use,main building materials,construction to complete the years,building shifting total area,Building present situation pattern - room,building present situation pattern - hall,building present situation pattern - health,building present situation pattern - compartmented,Whether there is manages the organization,total price NTD,the unit price (NTD / square meter),the berth category,berth shifting total area square meter,the berth total price NTD,the note,serial number
豐原區,房地(土地+建物)+車位,豐圳段451~480地號,26.94,住,,,1060930,土地1建物1車位1,二層,15,住宅大樓(11層含以上有電梯),住家用,鋼筋混凝土造,,153.2,4,2,2,有,無,9600000,68610,坡道平面,30.04,1150000,,RPUNMLSJLHNFFDB58CB
豐原區,房地(土地+建物)+車位,豐圳段451~480地號,26.94,住,,,1060622,土地1建物1車位1,五層,15,住宅大樓(11層含以上有電梯),住家用,鋼筋混凝土造,,155.23,4,2,2,有,無,8550000,59110,坡道平面,30.04,1150000,,RPXNMLSJLHNFFDB88CB
豐原區,房地(土地+建物)+車位,豐圳段451~480地號,26.94,住,,,1060822,土地1建物1車位1,四層,15,住宅大樓(11層含以上有電梯),住家用,鋼筋混凝土造,,155.23,4,2,2,有,無,8400000,58311,坡道平面,30.04,1100000,,RPOOMLSJLHNFFDB08CB
豐原區,房地(土地+建物)+車位,豐圳段451~480地號,26.94,住,,,1060601,土地1建物1車位1,六層,15,住宅大樓(11層含以上有電梯),住家用,鋼筋混凝土造,,155.23,4,2,2,有,無,8650000,59510,坡道平面,30.04,1200000,,RPPOMLSJLHNFFDB18CB
豐原區,房地(土地+建物)+車位,豐圳段451~480地號,26.94,住,,,1060520,土地1建物1車位1,七層,15,住宅大樓(11層含以上有電梯),住家用,鋼筋混凝土造,,155.23,4,2,2,有,無,8630000,60337,坡道平面,31.26,1150000,,RPQOMLSJLHNFFDB28CB
豐原區,房地(土地+建物)+車位,豐圳段451~480地號,26.94,住,,,1060610,土地1建物1車位1,九層,15,住宅大樓(11層含以上有電梯),住家用,鋼筋混凝土造,,155.23,4,2,2,有,無,8850000,61507,坡道平面,30.04,1150000,,RPSOMLSJLHNFFDB48CB
豐原區,房地(土地+建物)+車位,豐圳段451~480地號,26.94,住,,,1060612,土地1建物1車位1,十層,15,住宅大樓(11層含以上有電梯),住家用,鋼筋混凝土造,,155.23,4,2,2,有,無,8900000,62112,坡道平面,31.26,1200000,,RPTOMLSJLHNFFDB58CB
豐原區,房地(土地+建物)+車位,豐圳段451~480地號,26.94,住,,,1060730,土地1建物1車位1,十一層,15,住宅大樓(11層含以上有電梯),住家用,鋼筋混凝土造,,155.23,4,2,2,有,無,10030000,70932,坡道平面,30.04,1150000,,RPUOMLSJLHNFFDB68CB
豐原區,房地(土地+建物)+車位,豐圳段451~480地號,26.94,住,,,1060610,土地1建物1車位1,十三層,15,住宅大樓(11層含以上有電梯),住家用,鋼筋混凝土造,,155.23,4,2,2,有,無,9030000,62944,坡道平面,30.04,1150000,,RPWOMLSJLHNFFDB88CB
豐原區,房地(土地+建物)+車位,豐圳段451~480地號,27.21,住,,,1060909,土地1建物1車位2,十四層,15,住宅大樓(11層含以上有電梯),住家用,鋼筋混凝土造,,155.23,4,2,2,有,無,10220000,83762,坡道平面,60.08,2250000,,RPXOMLSJLHNFFDB98CB
豐原區,房地(土地+建物)+車位,豐圳段451~480地號,27.21,住,,,1060929,土地1建物1車位2,十五層,15,住宅大樓(11層含以上有電梯),住家用,鋼筋混凝土造,,155.23,4,2,2,有,無,10300000,85170,坡道平面,61.3,2300000,,RPOPMLSJLHNFFDB18CB
豐原區,房地(土地+建物)+車位,豐圳段451~480地號,27.21,住,,,1060916,土地1建物1車位2,三層,15,住宅大樓(11層含以上有電梯),住家用,鋼筋混凝土造,,155.32,4,2,2,有,無,9600000,76648,坡道平面,60.08,2300000,,RPPPMLSJLHNFFDB28CB
豐原區,房地(土地+建物)+車位,豐圳段451~480地號,27.21,住,,,1060916,土地1建物1車位2,四層,15,住宅大樓(11層含以上有電梯),住家用,鋼筋混凝土造,,155.32,4,2,2,有,無,9480000,74339,坡道平面,60.08,2400000,,RPQPMLSJLHNFFDB38CB
豐原區,房地(土地+建物)+車位,豐圳段451~480地號,26.94,住,,,1060608,土地1建物1車位1,五層,15,住宅大樓(11層含以上有電梯),住家用,鋼筋混凝土造,,155.32,4,2,2,有,無,8530000,58908,坡道平面,30.04,1150000,,RPRPMLSJLHNFFDB48CB
豐原區,房地(土地+建物)+車位,豐圳段451~480地號,27.21,住,,,1060624,土地1建物1車位2,六層,15,住宅大樓(11層含以上有電梯),住家用,鋼筋混凝土造,,155.32,4,2,2,有,無,9850000,78223,坡道平面,60.08,2400000,,RPSPMLSJLHNFFDB58CB
豐原區,房地(土地+建物)+車位,豐圳段451~480地號,26.94,住,,,1060910,土地1建物1車位1,七層,15,住宅大樓(11層含以上有電梯),住家用,鋼筋混凝土造,,155.32,4,2,2,有,無,9200000,64655,坡道平面,30.04,1100000,,RPTPMLSJLHNFFDB68CB
豐原區,房地(土地+建物)+車位,豐圳段451~480地號,27.21,住,,,1060715,土地1建物1車位2,八層,15,住宅大樓(11層含以上有電梯),住家用,鋼筋混凝土造,,155.32,4,2,2,有,無,10120000,81058,坡道平面,60.08,2400000,,RPUPMLSJLHNFFDB78CB
豐原區,房地(土地+建物)+車位,豐圳段451~480地號,26.94,住,,,1060701,土地1建物1車位1,九層,15,住宅大樓(11層含以上有電梯),住家用,鋼筋混凝土造,,155.32,4,2,2,有,無,9000000,62660,坡道平面,30.04,1150000,,RPVPMLSJLHNFFDB88CB
豐原區,房地(土地+建物)+車位,豐圳段451~480地號,27.21,住,,,1060702,土地1建物1車位2,十層,15,住宅大樓(11層含以上有電梯),住家用,鋼筋混凝土造,,155.32,4,2,2,有,無,10000000,79798,坡道平面,60.08,2400000,,RPWPMLSJLHNFFDB98CB
豐原區,房地(土地+建物)+車位,豐圳段451~480地號,27.21,住,,,1060702,土地1建物1車位2,十一層,15,住宅大樓(11層含以上有電梯),住家用,鋼筋混凝土造,,155.32,4,2,2,有,無,9860000,80428,坡道平面,60.08,2200000,,RPXPMLSJLHNFFDB09CB
豐原區,房地(土地+建物)+車位,豐圳段451~480地號,26.94,住,,,1060612,土地1建物1車位1,十二層,15,住宅大樓(11層含以上有電梯),住家用,鋼筋混凝土造,,155.32,4,2,2,有,無,9000000,62660,坡道平面,30.04,1150000,,RPOQMLSJLHNFFDB28CB
豐原區,房地(土地+建物)+車位,豐圳段451~480地號,26.94,住,,,1060716,土地1建物1車位1,十三層,15,住宅大樓(11層含以上有電梯),住家用,鋼筋混凝土造,,155.32,4,2,2,有,無,9320000,65613,坡道平面,30.04,1100000,,RPPQMLSJLHNFFDB38CB
豐原區,房地(土地+建物)+車位,豐圳段451~480地號,26.94,住,,,1060806,土地1建物1車位1,十四層,15,住宅大樓(11層含以上有電梯),住家用,鋼筋混凝土造,,155.32,4,2,2,有,無,9380000,66092,坡道平面,30.04,1100000,,RPQQMLSJLHNFFDB48CB
豐原區,房地(土地+建物)+車位,豐圳段451~480地號,26.94,住,,,1060517,土地1建物1車位1,十五層,15,住宅大樓(11層含以上有電梯),住家用,鋼筋混凝土造,,155.32,4,2,2,有,無,10050000,71440,坡道平面,30.04,1100000,,RPRQMLSJLHNFFDB58CB
豐原區,房地(土地+建物)+車位,豐圳段451~480地號,21.07,住,,,1060819,土地1建物1車位1,二層,15,住宅大樓(11層含以上有電梯),住家用,鋼筋混凝土造,,120.8,3,2,2,有,無,7350000,68863,坡道平面,30.04,1100000,,RPTQMLSJLHNFFDB78CB
豐原區,房地(土地+建物)+車位,豐圳段451~480地號,21.07,住,,,1060816,土地1建物1車位1,三層,15,住宅大樓(11層含以上有電梯),住家用,鋼筋混凝土造,,122.71,3,2,2,有,無,7440000,68116,坡道平面,28.9,1050000,,RPUQMLSJLHNFFDB88CB
豐原區,房地(土地+建物)+車位,豐圳段451~480地號,21.07,住,,,1060625,土地1建物1車位1,四層,15,住宅大樓(11層含以上有電梯),住家用,鋼筋混凝土造,,122.71,3,2,2,有,無,7750000,71760,坡道平面,30.04,1100000,,RPVQMLSJLHNFFDB98CB
豐原區,房地(土地+建物)+車位,豐圳段451~480地號,21.07,住,,,1060830,土地1建物1車位1,五層,15,住宅大樓(11層含以上有電梯),住家用,鋼筋混凝土造,,122.71,3,2,2,有,無,7290000,66796,坡道平面,30.04,1100000,,RPWQMLSJLHNFFDB09CB
豐原區,房地(土地+建物)+車位,豐圳段451~480地號,21.07,住,,,1060822,土地1建物1車位1,六層,15,住宅大樓(11層含以上有電梯),住家用,鋼筋混凝土造,,122.71,3,2,2,有,無,7450000,67983,坡道平面,30.04,1150000,,RPXQMLSJLHNFFDB56CB
豐原區,房地(土地+建物)+車位,豐圳段451~480地號,21.07,住,,,1060722,土地1建物1車位1,七層,15,住宅大樓(11層含以上有電梯),住家用,鋼筋混凝土造,,122.71,3,2,2,有,無,7400000,67444,坡道平面,30.04,1150000,,RPORMLSJLHNFFDB38CB
豐原區,房地(土地+建物)+車位,豐圳段451~480地號,21.07,住,,,1060723,土地1建物1車位1,八層,15,住宅大樓(11層含以上有電梯),住家用,鋼筋混凝土造,,122.71,3,2,2,有,無,7430000,68307,坡道平面,30.04,1100000,,RPPRMLSJLHNFFDB48CB
豐原區,房地(土地+建物)+車位,豐圳段451~480地號,21.07,住,,,1060606,土地1建物1車位1,九層,15,住宅大樓(11層含以上有電梯),住家用,鋼筋混凝土造,,122.71,3,2,2,有,無,7270000,66041,坡道平面,30.04,1150000,,RPQRMLSJLHNFFDB58CB
豐原區,房地(土地+建物)+車位,豐圳段451~480地號,21.07,住,,,1060708,土地1建物1車位1,十層,15,住宅大樓(11層含以上有電梯),住家用,鋼筋混凝土造,,122.71,3,2,2,有,無,7450000,68523,坡道平面,30.04,1100000,,RPRRMLSJLHNFFDB68CB
豐原區,房地(土地+建物)+車位,豐圳段451~480地號,21.07,住,,,1060729,土地1建物1車位1,十一層,15,住宅大樓(11層含以上有電梯),住家用,鋼筋混凝土造,,122.71,3,2,2,有,無,7650000,71077,坡道平面,31.26,1150000,,RPSRMLSJLHNFFDB78CB
豐原區,房地(土地+建物)+車位,豐圳段451~480地號,21.07,住,,,1060826,土地1建物1車位1,十二層,15,住宅大樓(11層含以上有電梯),住家用,鋼筋混凝土造,,122.71,3,2,2,有,無,7550000,69602,坡道平面,30.04,1100000,,RPTRMLSJLHNFFDB88CB
豐原區,房地(土地+建物)+車位,豐圳段451~480地號,21.07,住,,,1060815,土地1建物1車位1,十三層,15,住宅大樓(11層含以上有電梯),住家用,鋼筋混凝土造,,122.71,3,2,2,有,無,7750000,70681,坡道平面,30.04,1200000,,RPURMLSJLHNFFDB98CB
豐原區,房地(土地+建物)+車位,豐圳段451~480地號,21.07,住,,,1060825,土地1建物1車位1,十四層,15,住宅大樓(11層含以上有電梯),住家用,鋼筋混凝土造,,122.71,3,2,2,有,無,7600000,70141,坡道平面,30.04,1100000,,RPWRMLSJLHNFFDB56CB
豐原區,房地(土地+建物)+車位,豐圳段451~480地號,21.07,住,,,1060923,土地1建物1車位1,十五層,15,住宅大樓(11層含以上有電梯),住家用,鋼筋混凝土造,,122.71,3,2,2,有,無,8330000,78019,坡道平面,30.04,1100000,,RPXRMLSJLHNFFDB66CB
豐原區,房地(土地+建物)+車位,豐圳段451~480地號,21.34,住,,,1060813,土地1建物1車位1,二層,15,住宅大樓(11層含以上有電梯),住家用,鋼筋混凝土造,,121.43,3,2,2,有,無,7100000,65106,坡道平面,30.04,1150000,,RPRSMLSJLHNFFDB78CB
豐原區,房地(土地+建物)+車位,豐圳段451~480地號,21.34,住,,,1060917,土地1建物1車位1,三層,15,住宅大樓(11層含以上有電梯),住家用,鋼筋混凝土造,,123.34,3,2,2,有,無,7360000,67095,坡道平面,30.04,1100000,,RPSSMLSJLHNFFDB88CB
豐原區,房地(土地+建物)+車位,豐圳段451~480地號,21.34,住,,,1060826,土地1建物1車位1,四層,15,住宅大樓(11層含以上有電梯),住家用,鋼筋混凝土造,,123.34,3,2,2,有,無,7960000,72990,坡道平面,30.04,1150000,,RPTSMLSJLHNFFDB98CB
豐原區,房地(土地+建物)+車位,豐圳段451~480地號,21.34,住,,,1060910,土地1建物1車位1,五層,15,住宅大樓(11層含以上有電梯),住家用,鋼筋混凝土造,,123.34,3,2,2,有,無,7410000,67095,坡道平面,30.04,1150000,,RPUSMLSJLHNFFDB09CB
豐原區,房地(土地+建物)+車位,豐圳段451~480地號,21.34,住,,,1060517,土地1建物1車位1,六層,15,住宅大樓(11層含以上有電梯),住家用,鋼筋混凝土造,,123.34,3,2,2,有,無,7230000,64630,坡道平面,30.04,1200000,,RPVSMLSJLHNFFDB56CB
豐原區,房地(土地+建物)+車位,豐圳段451~480地號,21.34,住,,,1060513,土地1建物1車位1,七層,15,住宅大樓(11層含以上有電梯),住家用,鋼筋混凝土造,,123.34,3,2,2,有,無,7620000,69882,坡道平面,30.04,1100000,,RPWSMLSJLHNFFDB66CB
豐原區,房地(土地+建物)+車位,豐圳段451~480地號,21.34,住,,,1060525,土地1建物1車位1,八層,15,住宅大樓(11層含以上有電梯),住家用,鋼筋混凝土造,,123.34,3,2,2,有,無,7280000,65702,坡道平面,30.04,1150000,,RPXSMLSJLHNFFDB76CB
豐原區,房地(土地+建物)+車位,豐圳段451~480地號,21.34,住,,,1060524,土地1建物1車位1,九層,15,住宅大樓(11層含以上有電梯),住家用,鋼筋混凝土造,,123.34,3,2,2,有,無,7280000,65702,坡道平面,30.04,1150000,,RPOTMLSJLHNFFDB58CB
豐原區,房地(土地+建物)+車位,豐圳段451~480地號,21.34,住,,,1060508,土地1建物1車位1,十層,15,住宅大樓(11層含以上有電梯),住家用,鋼筋混凝土造,,123.34,3,2,2,有,無,7280000,65702,坡道平面,30.04,1150000,,RPPTMLSJLHNFFDB68CB
豐原區,房地(土地+建物)+車位,豐圳段451~480地號,21.34,住,,,1060721,土地1建物1車位1,十一層,15,住宅大樓(11層含以上有電梯),住家用,鋼筋混凝土造,,123.34,3,2,2,有,無,7800000,71275,坡道平面,30.04,1150000,,RPQTMLSJLHNFFDB78CB
豐原區,房地(土地+建物)+車位,豐圳段451~480地號,21.34,住,,,1060516,土地1建物1車位1,十二層,15,住宅大樓(11層含以上有電梯),住家用,鋼筋混凝土造,,123.34,3,2,2,有,無,7500000,68596,坡道平面,30.04,1100000,,RPRTMLSJLHNFFDB88CB
豐原區,房地(土地+建物)+車位,豐圳段451~480地號,21.34,住,,,1060910,土地1建物1車位1,十四層,15,住宅大樓(11層含以上有電梯),住家用,鋼筋混凝土造,,123.34,3,2,2,有,無,7800000,71811,坡道平面,30.04,1100000,,RPSTMLSJLHNFFDB98CB
豐原區,房地(土地+建物)+車位,豐圳段451~480地號,21.34,住,,,1060924,土地1建物1車位1,十五層,15,住宅大樓(11層含以上有電梯),住家用,鋼筋混凝土造,,123.34,3,2,2,有,無,7900000,71811,坡道平面,30.04,1200000,,RPTTMLSJLHNFFDB09CB
豐原區,房地(土地+建物)+車位,豐圳段451~480地號,22.67,住,,,1060930,土地1建物1車位1,二層,15,住宅大樓(11層含以上有電梯),住家用,鋼筋混凝土造,,132.14,3,2,2,有,無,8680000,74241,坡道平面,30.04,1100000,,RPUTMLSJLHNFFDB56CB
豐原區,房地(土地+建物)+車位,豐圳段451~480地號,22.67,住,,,1060812,土地1建物1車位1,三層,15,住宅大樓(11層含以上有電梯),住家用,鋼筋混凝土造,,134.17,3,2,2,有,無,7800000,64343,坡道平面,30.04,1100000,,RPVTMLSJLHNFFDB66CB
豐原區,房地(土地+建物)+車位,豐圳段451~480地號,22.67,住,,,1060624,土地1建物1車位1,五層,15,住宅大樓(11層含以上有電梯),住家用,鋼筋混凝土造,,134.17,3,2,2,有,無,8450000,70105,坡道平面,30.04,1150000,,RPWTMLSJLHNFFDB76CB
豐原區,房地(土地+建物)+車位,豐圳段451~480地號,22.67,住,,,1060615,土地1建物1車位1,六層,15,住宅大樓(11層含以上有電梯),住家用,鋼筋混凝土造,,134.17,3,2,2,有,無,8000000,66263,坡道平面,30.04,1100000,,RPXTMLSJLHNFFDB86CB
豐原區,房地(土地+建物)+車位,豐圳段451~480地號,22.67,住,,,1060624,土地1建物1車位1,七層,15,住宅大樓(11層含以上有電梯),住家用,鋼筋混凝土造,,134.17,3,2,2,有,無,8000000,65783,坡道平面,30.04,1150000,,RPOUMLSJLHNFFDB68CB
豐原區,房地(土地+建物)+車位,豐圳段451~480地號,22.67,住,,,1060603,土地1建物1車位1,八層,15,住宅大樓(11層含以上有電梯),住家用,鋼筋混凝土造,,134.17,3,2,2,有,無,8000000,65303,坡道平面,30.04,1200000,,RPPUMLSJLHNFFDB78CB
豐原區,房地(土地+建物)+車位,豐圳段451~480地號,22.67,住,,,1060603,土地1建物1車位1,九層,15,住宅大樓(11層含以上有電梯),住家用,鋼筋混凝土造,,134.17,3,2,2,有,無,8000000,65303,坡道平面,30.04,1200000,,RPQUMLSJLHNFFDB88CB
豐原區,房地(土地+建物)+車位,豐圳段451~480地號,22.67,住,,,1060614,土地1建物1車位1,十層,15,住宅大樓(11層含以上有電梯),住家用,鋼筋混凝土造,,134.17,3,2,2,有,無,8100000,66743,坡道平面,30.04,1150000,,RPRUMLSJLHNFFDB98CB
豐原區,房地(土地+建物)+車位,豐圳段451~480地號,22.67,住,,,1060707,土地1建物1車位1,十一層,15,住宅大樓(11層含以上有電梯),住家用,鋼筋混凝土造,,134.17,3,2,2,有,無,8180000,67992,坡道平面,30.04,1100000,,RPSUMLSJLHNFFDB09CB
豐原區,房地(土地+建物)+車位,豐圳段451~480地號,22.67,住,,,1060916,土地1建物1車位1,十二層,15,住宅大樓(11層含以上有電梯),住家用,鋼筋混凝土造,,134.17,3,2,2,有,無,8420000,69336,坡道平面,30.04,1200000,,RPUUMLSJLHNFFDB66CB
豐原區,房地(土地+建物)+車位,豐圳段451~480地號,22.67,住,,,1060730,土地1建物1車位1,十三層,15,住宅大樓(11層含以上有電梯),住家用,鋼筋混凝土造,,134.17,3,2,2,有,無,9310000,77883,坡道平面,30.04,1200000,,RPVUMLSJLHNFFDB76CB
豐原區,房地(土地+建物)+車位,豐圳段451~480地號,22.67,住,,,1060602,土地1建物1車位1,十四層,15,住宅大樓(11層含以上有電梯),住家用,鋼筋混凝土造,,134.17,3,2,2,有,無,8100000,66263,坡道平面,30.04,1200000,,RPWUMLSJLHNFFDB86CB
豐原區,房地(土地+建物)+車位,豐圳段451~480地號,22.67,住,,,1060723,土地1建物1車位1,十五層,15,住宅大樓(11層含以上有電梯),住家用,鋼筋混凝土造,,134.17,3,2,2,有,無,8350000,69144,坡道平面,30.04,1150000,,RPXUMLSJLHNFFDB96CB
豐原區,房地(土地+建物)+車位,豐圳段451~480地號,22.94,住,,,1060903,土地1建物1車位1,二層,15,住宅大樓(11層含以上有電梯),住家用,鋼筋混凝土造,,132.14,3,2,2,有,無,8200000,69540,坡道平面,30.04,1100000,,RPOVMLSJLHNFFDB78CB
豐原區,房地(土地+建物)+車位,豐圳段451~480地號,22.94,住,,,1060917,土地1建物1車位1,三層,15,住宅大樓(11層含以上有電梯),住家用,鋼筋混凝土造,,134.17,3,2,2,有,無,7950000,65783,坡道平面,30.04,1100000,,RPPVMLSJLHNFFDB88CB
豐原區,房地(土地+建物)+車位,豐圳段451~480地號,22.94,住,,,1060902,土地1建物1車位1,四層,15,住宅大樓(11層含以上有電梯),住家用,鋼筋混凝土造,,134.17,3,2,2,有,無,7840000,64247,坡道平面,30.04,1150000,,RPQVMLSJLHNFFDB98CB
豐原區,房地(土地+建物)+車位,豐圳段451~480地號,22.94,住,,,1060624,土地1建物1車位1,五層,15,住宅大樓(11層含以上有電梯),住家用,鋼筋混凝土造,,134.17,3,2,2,有,無,7900000,64823,坡道平面,30.04,1150000,,RPRVMLSJLHNFFDB09CB
豐原區,房地(土地+建物)+車位,豐圳段451~480地號,22.94,住,,,1060522,土地1建物1車位1,六層,15,住宅大樓(11層含以上有電梯),住家用,鋼筋混凝土造,,134.17,3,2,2,有,無,8410000,69240,坡道平面,30.04,1200000,,RPSVMLSJLHNFFDB56CB
豐原區,房地(土地+建物)+車位,豐圳段451~480地號,22.94,住,,,1060526,土地1建物1車位1,七層,15,住宅大樓(11層含以上有電梯),住家用,鋼筋混凝土造,,134.17,3,2,2,有,無,7950000,64823,坡道平面,30.04,1200000,,RPTVMLSJLHNFFDB66CB
豐原區,房地(土地+建物)+車位,豐圳段451~480地號,22.94,住,,,1060526,土地1建物1車位1,八層,15,住宅大樓(11層含以上有電梯),住家用,鋼筋混凝土造,,134.17,3,2,2,有,無,7900000,64343,坡道平面,30.04,1200000,,RPUVMLSJLHNFFDB76CB
豐原區,房地(土地+建物)+車位,豐圳段451~480地號,22.94,住,,,1060508,土地1建物1車位1,九層,15,住宅大樓(11層含以上有電梯),住家用,鋼筋混凝土造,,134.17,3,2,2,有,無,8640000,71449,坡道平面,30.04,1200000,,RPVVMLSJLHNFFDB86CB
豐原區,房地(土地+建物)+車位,豐圳段451~480地號,22.94,住,,,1060508,土地1建物1車位1,十層,15,住宅大樓(11層含以上有電梯),住家用,鋼筋混凝土造,,134.17,3,2,2,有,無,8540000,70489,坡道平面,30.04,1200000,,RPOWMLSJLHNFFDB88CB
豐原區,房地(土地+建物)+車位,豐圳段451~480地號,23.21,住,,,1060909,土地1建物1車位2,十二層,15,住宅大樓(11層含以上有電梯),住家用,鋼筋混凝土造,,134.17,3,2,2,有,無,9380000,95559,坡道平面,60.08,2300000,,RPQWMLSJLHNFFDB09CB
豐原區,房地(土地+建物)+車位,豐圳段451~480地號,23.21,住,,,1060518,土地1建物1車位2,十三層,15,住宅大樓(11層含以上有電梯),住家用,鋼筋混凝土造,,134.17,3,2,2,有,無,8920000,89351,坡道平面,60.08,2300000,,RPRWMLSJLHNFFDB56CB
豐原區,房地(土地+建物)+車位,豐圳段451~480地號,22.94,住,,,1060526,土地1建物1車位1,十四層,15,住宅大樓(11層含以上有電梯),住家用,鋼筋混凝土造,,134.17,3,2,2,有,無,8090000,66647,坡道平面,30.04,1150000,,RPSWMLSJLHNFFDB66CB
豐原區,房地(土地+建物)+車位,豐圳段451~480地號,22.94,住,,,1060805,土地1建物1車位1,十五層,15,住宅大樓(11層含以上有電梯),住家用,鋼筋混凝土造,,134.17,3,2,2,有,無,8300000,69144,坡道平面,30.04,1100000,,RPVWMLSJLHNFFDB96CB
豐原區,房地(土地+建物)+車位,豐圳段451~480地號,21.34,住,,,1060903,土地1建物1車位1,二層,15,住宅大樓(11層含以上有電梯),住家用,鋼筋混凝土造,,123.0,3,2,2,有,無,7750000,71536,坡道平面,30.04,1100000,,RPUNMLTJLHNFFDB68CB
豐原區,房地(土地+建物)+車位,豐圳段451~480地號,21.34,住,,,1060816,土地1建物1車位1,三層,15,住宅大樓(11層含以上有電梯),住家用,鋼筋混凝土造,,124.91,3,2,2,有,無,7770000,70307,坡道平面,30.04,1100000,,RPVNMLTJLHNFFDB78CB
豐原區,房地(土地+建物)+車位,豐圳段451~480地號,21.34,住,,,1060909,土地1建物1車位1,四層,15,住宅大樓(11層含以上有電梯),住家用,鋼筋混凝土造,,124.91,3,2,2,有,無,7300000,65353,坡道平面,30.04,1100000,,RPWNMLTJLHNFFDB88CB
豐原區,房地(土地+建物)+車位,豐圳段451~480地號,21.34,住,,,1060716,土地1建物1車位1,五層,15,住宅大樓(11層含以上有電梯),住家用,鋼筋混凝土造,,124.91,3,2,2,有,無,7450000,66139,坡道平面,28.9,1100000,,RPXNMLTJLHNFFDB98CB
豐原區,房地(土地+建物)+車位,豐圳段451~480地號,27.21,住,,,1070106,土地1建物1車位2,十二層,15,住宅大樓(11層含以上有電梯),住家用,鋼筋混凝土造,,155.23,4,2,2,有,無,11750000,99317,坡道平面,60.08,2300000,,RPTOMLTJLHNFFDB68CB
豐原區,房地(土地+建物)+車位,豐圳段451~480地號,26.94,住,,,1060831,土地1建物1車位1,三層,15,住宅大樓(11層含以上有電梯),住家用,鋼筋混凝土造,,155.23,4,2,2,有,無,8500000,58311,坡道平面,30.04,1200000,,RPUOMLTJLHNFFDB78CB
豐原區,房地(土地+建物)+車位,豐圳段451~480地號,21.34,住,,,1060805,土地1建物1車位1,六層,15,住宅大樓(11層含以上有電梯),住家用,鋼筋混凝土造,,124.91,3,2,2,有,無,7580000,67777,坡道平面,30.04,1150000,,RPVVMLKKLHNFFDB78CB
豐原區,房地(土地+建物)+車位,豐圳段451~480地號,21.34,住,,,1060515,土地1建物1車位1,七層,15,住宅大樓(11層含以上有電梯),住家用,鋼筋混凝土造,,124.91,3,2,2,有,無,7350000,64577,坡道平面,28.9,1150000,,RPWVMLKKLHNFFDB88CB
豐原區,房地(土地+建物)+車位,豐圳段451~480地號,21.34,住,,,1060601,土地1建物1車位1,九層,15,住宅大樓(11層含以上有電梯),住家用,鋼筋混凝土造,,124.91,3,2,2,有,無,7380000,65669,坡道平面,30.04,1150000,,RPXVMLKKLHNFFDB98CB
豐原區,房地(土地+建物)+車位,豐圳段451~480地號,21.34,住,,,1060621,土地1建物1車位1,十一層,15,住宅大樓(11層含以上有電梯),住家用,鋼筋混凝土造,,124.91,3,2,2,有,無,7580000,67777,坡道平面,30.04,1150000,,RPOWMLKKLHNFFDB18CB
豐原區,房地(土地+建物)+車位,豐圳段451~480地號,21.34,住,,,1060520,土地1建物1車位1,十二層,15,住宅大樓(11層含以上有電梯),住家用,鋼筋混凝土造,,124.91,3,2,2,有,無,7780000,70412,坡道平面,30.04,1100000,,RPPWMLKKLHNFFDB28CB
豐原區,房地(土地+建物)+車位,豐圳段451~480地號,21.61,住,,,1060518,土地1建物1車位2,十三層,15,住宅大樓(11層含以上有電梯),住家用,鋼筋混凝土造,,124.91,3,2,2,有,無,8360000,93475,坡道平面,60.08,2300000,,RPQWMLKKLHNFFDB38CB
豐原區,房地(土地+建物)+車位,豐圳段451~480地號,21.34,住,,,1060625,土地1建物1車位1,十四層,15,住宅大樓(11層含以上有電梯),住家用,鋼筋混凝土造,,124.91,3,2,2,有,無,7740000,69463,坡道平面,30.04,1150000,,RPRWMLKKLHNFFDB48CB
豐原區,房地(土地+建物)+車位,豐圳段451~480地號,21.34,住,,,1060929,土地1建物1車位1,十五層,15,住宅大樓(11層含以上有電梯),住家用,鋼筋混凝土造,,124.91,3,2,2,有,無,7800000,70096,坡道平面,30.04,1150000,,RPSWMLKKLHNFFDB58CB
豐原區,房地(土地+建物),豐圳段451~480地號,20.81,住,,,1060903,土地1建物1車位0,二層,15,住宅大樓(11層含以上有電梯),住家用,鋼筋混凝土造,,122.28,3,2,2,有,無,6520000,53320,,0.0,0,,RPTWMLKKLHNFFDB68CB
豐原區,房地(土地+建物)+車位,豐圳段451~480地號,21.07,住,,,1060520,土地1建物1車位1,四層,15,住宅大樓(11層含以上有電梯),住家用,鋼筋混凝土造,,124.19,3,2,2,有,無,7670000,70698,坡道平面,31.26,1100000,,RPUWMLKKLHNFFDB78CB
豐原區,房地(土地+建物)+車位,豐圳段451~480地號,21.07,住,,,1060703,土地1建物1車位1,五層,15,住宅大樓(11層含以上有電梯),住家用,鋼筋混凝土造,,124.19,3,2,2,有,無,7590000,68933,坡道平面,30.04,1100000,,RPVWMLKKLHNFFDB88CB
豐原區,房地(土地+建物)+車位,豐圳段451~480地號,21.07,住,,,1060821,土地1建物1車位1,七層,15,住宅大樓(11層含以上有電梯),住家用,鋼筋混凝土造,,124.19,3,2,2,有,無,7450000,67446,坡道平面,30.04,1100000,,RPWWMLKKLHNFFDB98CB
豐原區,房地(土地+建物)+車位,豐圳段451~480地號,21.07,住,,,1060703,土地1建物1車位1,八層,15,住宅大樓(11層含以上有電梯),住家用,鋼筋混凝土造,,124.19,3,2,2,有,無,7400000,66914,坡道平面,30.04,1100000,,RPXWMLKKLHNFFDB09CB
豐原區,房地(土地+建物)+車位,豐圳段451~480地號,21.07,住,,,1060704,土地1建物1車位1,九層,15,住宅大樓(11層含以上有電梯),住家用,鋼筋混凝土造,,124.19,3,2,2,有,無,7460000,67021,坡道平面,30.04,1150000,,RPONNLKKLHNFFDB37CB
豐原區,房地(土地+建物)+車位,豐圳段451~480地號,21.07,住,,,1060813,土地1建物1車位1,十層,15,住宅大樓(11層含以上有電梯),住家用,鋼筋混凝土造,,124.19,3,2,2,有,無,7500000,67446,坡道平面,30.04,1150000,,RPPNNLKKLHNFFDB47CB
豐原區,房地(土地+建物)+車位,豐圳段451~480地號,21.07,住,,,1060619,土地1建物1車位1,十一層,15,住宅大樓(11層含以上有電梯),住家用,鋼筋混凝土造,,124.19,3,2,2,有,無,7950000,72225,坡道平面,30.04,1150000,,RPRNNLKKLHNFFDB67CB
豐原區,房地(土地+建物)+車位,豐圳段451~480地號,21.07,住,,,1060730,土地1建物1車位1,十二層,15,住宅大樓(11層含以上有電梯),住家用,鋼筋混凝土造,,124.19,3,2,2,有,無,8130000,73606,坡道平面,30.04,1200000,,RPSNNLKKLHNFFDB77CB
豐原區,房地(土地+建物)+車位,豐圳段451~480地號,21.07,住,,,1060819,土地1建物1車位1,十三層,15,住宅大樓(11層含以上有電梯),住家用,鋼筋混凝土造,,124.19,3,2,2,有,無,7700000,69570,坡道平面,30.04,1150000,,RPTNNLKKLHNFFDB87CB
豐原區,房地(土地+建物)+車位,豐圳段451~480地號,21.07,住,,,1060922,土地1建物1車位1,十四層,15,住宅大樓(11層含以上有電梯),住家用,鋼筋混凝土造,,124.19,3,2,2,有,無,7700000,70101,坡道平面,30.04,1100000,,RPUNNLKKLHNFFDB97CB
豐原區,房地(土地+建物)+車位,豐圳段451~480地號,21.07,住,,,1060923,土地1建物1車位1,十五層,15,住宅大樓(11層含以上有電梯),住家用,鋼筋混凝土造,,124.19,3,2,2,有,無,8330000,76792,坡道平面,30.04,1100000,,RPVNNLKKLHNFFDB08CB
豐原區,房地(土地+建物)+車位,豐圳段451~480地號,22.67,住,,,1060930,土地1建物1車位1,四層,15,住宅大樓(11層含以上有電梯),住家用,鋼筋混凝土造,,134.17,3,2,2,有,無,7800000,64343,坡道平面,30.04,1100000,,RPUOMLMKLHNFFDB18CB
豐原區,房地(土地+建物)+車位,豐圳段451~480地號,21.34,住,,,1060517,土地1建物1車位1,十層,15,住宅大樓(11層含以上有電梯),住家用,鋼筋混凝土造,,124.91,3,2,2,有,無,7400000,65353,坡道平面,30.04,1200000,,RPPOMLOKLHNFFDB87CB
豐原區,房地(土地+建物)+車位,豐圳段451~480地號,27.21,住,,,1060702,土地1建物1車位2,八層,15,住宅大樓(11層含以上有電梯),住家用,鋼筋混凝土造,,155.23,4,2,2,有,無,10600000,87231,坡道平面,60.08,2300000,,RPROMLOKLHNFFDB08CB
豐原區,房地(土地+建物)+車位,豐圳段451~480地號,21.61,住,,,1060715,土地1建物1車位2,十三層,15,住宅大樓(11層含以上有電梯),住家用,鋼筋混凝土造,,123.34,3,2,2,有,無,8600000,101170,坡道平面,60.08,2200000,,RPSOMLOKLHNFFDB18CB
豐原區,房地(土地+建物)+車位,豐圳段451~480地號,22.94,住,,,1060922,土地1建物1車位1,十一層,15,住宅大樓(11層含以上有電梯),住家用,鋼筋混凝土造,,134.17,3,2,2,有,無,8300000,69144,坡道平面,30.04,1100000,,RPVOMLOKLHNFFDB48CB
豐原區,房地(土地+建物)+車位,豐圳段451~480地號,21.07,住,,,1060606,土地1建物1車位1,六層,15,住宅大樓(11層含以上有電梯),住家用,鋼筋混凝土造,,124.19,3,2,2,有,無,7300000,65852,坡道平面,30.04,1100000,,RPXOMLOKLHNFFDB68CB
豐原區,房地(土地+建物)+車位,豐圳段451~480地號,22.94,住,,,1060625,土地1建物1車位2,一層,15,其他,住家用,鋼筋混凝土造,,116.51,3,2,2,有,無,10330000,144072,坡道平面,60.08,2200000,,RPRPMLOKLHNFFDB18CB
豐原區,房地(土地+建物)+車位,豐圳段451~480地號,22.94,住,,,1060619,土地1建物1車位1,一層,15,其他,住家用,鋼筋混凝土造,,116.51,3,2,2,有,無,7500000,73436,坡道平面,30.04,1150000,,RPUPMLOKLHNFFDB48CB
豐原區,房地(土地+建物)+車位,豐圳段451~480地號,21.34,住,,,1060526,土地1建物1車位1,八層,15,住宅大樓(11層含以上有電梯),住家用,鋼筋混凝土造,,124.91,3,2,2,有,無,7340000,64720,坡道平面,30.04,1200000,,RPRNMLSKLHNFFDB38CB
豐原區,房地(土地+建物)+車位,豐圳段451~480地號,21.07,住,,,1060617,土地1建物1車位1,三層,15,住宅大樓(11層含以上有電梯),住家用,鋼筋混凝土造,,124.19,3,2,2,有,無,7050000,62666,坡道平面,30.04,1150000,,RPSNMLSKLHNFFDB48CB
豐原區,房地(土地+建物)+車位,豐圳段451~480地號,37.61,住,,,1060930,土地1建物1車位1,一層,15,店面(店鋪),住家用,鋼筋混凝土造,,168.53,0,0,0,無,無,18800000,127085,坡道平面,30.04,1200000,,RPTNMLSKLHNFFDB58CB
豐原區,房地(土地+建物)+車位,豐圳段451~480地號,26.94,住,,,1060923,土地1建物1車位1,二層,15,住宅大樓(11層含以上有電梯),住家用,鋼筋混凝土造,,153.29,4,2,2,有,無,8390000,58337,坡道平面,30.04,1200000,,RPUNMLSKLHNFFDB68CB
豐原區,房地(土地+建物),萬年段541~570地號,75.56,住,,,1061128,土地3建物1車位0,全,4,透天厝,住家用,鋼筋混凝土造,,159.44,4,2,5,有,無,9300000,58329,,0.0,0,,RPRNMLTLLHNFFDB68DB
沙鹿區,房地(土地+建物)+車位,保寧段391~420地號,38.38,住,,,1061127,土地1建物1車位1,二層,12,住宅大樓(11層含以上有電梯),住家用,鋼筋混凝土造,,153.09,3,2,2,有,無,5740000,40790,坡道平面,35.66,950000,,RPUNMLKMMHNFFFB38CB
沙鹿區,房地(土地+建物)+車位,保寧段391~420地號,38.85,住,,,1061127,土地1建物1車位1,三層,12,住宅大樓(11層含以上有電梯),住家用,鋼筋混凝土造,,154.52,3,2,2,有,無,5980000,42319,坡道平面,35.66,950000,,RPPNMLLJNHNFFFB77CB
沙鹿區,房地(土地+建物)+車位,保寧段391~420地號,38.85,住,,,1061025,土地1建物1車位1,四層,12,住宅大樓(11層含以上有電梯),住家用,鋼筋混凝土造,,154.52,3,2,2,有,無,6010000,44254,坡道平面,35.66,750000,,RPQNMLLJNHNFFFB87CB
沙鹿區,房地(土地+建物)+車位,保寧段391~420地號,38.85,住,,,1061111,土地1建物1車位1,五層,12,住宅大樓(11層含以上有電梯),住家用,鋼筋混凝土造,,154.52,3,2,2,有,無,6200000,45432,坡道平面,35.66,800000,,RPRNMLLJNHNFFFB97CB
沙鹿區,房地(土地+建物)+車位,保寧段391~420地號,38.85,住,,,1061027,土地1建物1車位1,六層,12,住宅大樓(11層含以上有電梯),住家用,鋼筋混凝土造,,154.52,3,2,2,有,無,6360000,45516,坡道平面,35.66,950000,,RPSNMLLJNHNFFFB08CB
沙鹿區,房地(土地+建物)+車位,保寧段391~420地號,38.85,住,,,1061022,土地1建物1車位1,八層,12,住宅大樓(11層含以上有電梯),住家用,鋼筋混凝土造,,154.52,3,2,2,有,無,6400000,46694,坡道平面,35.66,850000,,RPUNMLLJNHNFFFB28CB
沙鹿區,房地(土地+建物)+車位,保寧段391~420地號,38.85,住,,,1070107,土地1建物1車位1,九層,12,住宅大樓(11層含以上有電梯),住家用,鋼筋混凝土造,,154.52,3,2,2,有,無,6980000,50732,坡道平面,35.66,950000,,RPVNMLLJNHNFFFB38CB
沙鹿區,房地(土地+建物)+車位,保寧段391~420地號,38.85,住,,,1061209,土地1建物1車位1,十層,12,住宅大樓(11層含以上有電梯),住家用,鋼筋混凝土造,,154.52,3,2,2,有,無,6830000,50311,坡道平面,35.66,850000,,RPWNMLLJNHNFFFB48CB
沙鹿區,房地(土地+建物)+車位,保寧段391~420地號,38.85,住,,,1061031,土地1建物1車位1,十一層,12,住宅大樓(11層含以上有電梯),住家用,鋼筋混凝土造,,154.52,3,2,2,有,無,6800000,50480,坡道平面,35.66,800000,,RPXNMLLJNHNFFFB58CB
沙鹿區,房地(土地+建物)+車位,保寧段391~420地號,38.85,住,,,1061105,土地1建物1車位1,十二層,12,住宅大樓(11層含以上有電梯),住家用,鋼筋混凝土造,,154.52,3,2,2,有,無,6400000,47114,坡道平面,35.66,800000,,RPOOMLLJNHNFFFB77CB
沙鹿區,房地(土地+建物)+車位,保寧段391~420地號,29.08,住,,,1061126,土地1建物1車位1,二層,12,住宅大樓(11層含以上有電梯),住家用,鋼筋混凝土造,,124.41,2,2,1,有,無,4550000,41690,坡道平面,35.66,850000,,RPPOMLLJNHNFFFB87CB
沙鹿區,房地(土地+建物)+車位,保寧段391~420地號,29.08,住,,,1061027,土地1建物1車位1,三層,12,住宅大樓(11層含以上有電梯),住家用,鋼筋混凝土造,,124.41,2,2,1,有,無,4700000,43944,坡道平面,35.66,800000,,RPQOMLLJNHNFFFB97CB
沙鹿區,房地(土地+建物)+車位,保寧段391~420地號,29.08,住,,,1070107,土地1建物1車位1,四層,12,住宅大樓(11層含以上有電梯),住家用,鋼筋混凝土造,,124.41,2,2,1,有,無,4550000,42817,坡道平面,35.66,750000,,RPROMLLJNHNFFFB08CB
沙鹿區,房地(土地+建物)+車位,保寧段391~420地號,29.08,住,,,1061024,土地1建物1車位1,五層,12,住宅大樓(11層含以上有電梯),住家用,鋼筋混凝土造,,124.41,2,2,1,有,無,4690000,44394,坡道平面,35.66,750000,,RPSOMLLJNHNFFFB18CB
沙鹿區,房地(土地+建物)+車位,保寧段391~420地號,29.08,住,,,1061027,土地1建物1車位1,六層,12,住宅大樓(11層含以上有電梯),住家用,鋼筋混凝土造,,124.41,2,2,1,有,無,4860000,46310,坡道平面,35.66,750000,,RPTOMLLJNHNFFFB28CB
沙鹿區,房地(土地+建物)+車位,保寧段391~420地號,29.08,住,,,1061119,土地1建物1車位1,七層,12,住宅大樓(11層含以上有電梯),住家用,鋼筋混凝土造,,124.41,2,2,1,有,無,4750000,44507,坡道平面,35.66,800000,,RPUOMLLJNHNFFFB38CB
沙鹿區,房地(土地+建物)+車位,保寧段391~420地號,29.08,住,,,1061105,土地1建物1車位1,八層,12,住宅大樓(11層含以上有電梯),住家用,鋼筋混凝土造,,124.41,2,2,1,有,無,4880000,45972,坡道平面,35.66,800000,,RPVOMLLJNHNFFFB48CB
沙鹿區,房地(土地+建物)+車位,保寧段391~420地號,29.08,住,,,1061124,土地1建物1車位1,九層,12,住宅大樓(11層含以上有電梯),住家用,鋼筋混凝土造,,124.41,2,2,1,有,無,4830000,45408,坡道平面,35.66,800000,,RPWOMLLJNHNFFFB58CB
沙鹿區,房地(土地+建物)+車位,保寧段391~420地號,29.08,住,,,1061129,土地1建物1車位1,十層,12,住宅大樓(11層含以上有電梯),住家用,鋼筋混凝土造,,124.41,2,2,1,有,無,5000000,46761,坡道平面,35.66,850000,,RPXOMLLJNHNFFFB68CB
沙鹿區,房地(土地+建物)+車位,保寧段391~420地號,29.08,住,,,1061031,土地1建物1車位1,十一層,12,住宅大樓(11層含以上有電梯),住家用,鋼筋混凝土造,,124.41,2,2,1,有,無,5150000,49014,坡道平面,35.66,800000,,RPOPMLLJNHNFFFB87CB
沙鹿區,房地(土地+建物)+車位,保寧段391~420地號,29.08,住,,,1061031,土地1建物1車位1,十二層,12,住宅大樓(11層含以上有電梯),住家用,鋼筋混凝土造,,124.41,2,2,1,有,無,4780000,45972,坡道平面,35.66,700000,,RPPPMLLJNHNFFFB97CB
沙鹿區,房地(土地+建物)+車位,保寧段391~420地號,25.6,住,,,1061105,土地1建物1車位1,二層,12,住宅大樓(11層含以上有電梯),住家用,鋼筋混凝土造,,113.71,2,2,1,有,無,4010000,41768,坡道平面,35.66,750000,,RPQPMLLJNHNFFFB08CB
沙鹿區,房地(土地+建物)+車位,保寧段391~420地號,25.6,住,,,1061209,土地1建物1車位1,三層,12,住宅大樓(11層含以上有電梯),住家用,鋼筋混凝土造,,113.71,2,2,1,有,無,4380000,45227,坡道平面,35.66,850000,,RPRPMLLJNHNFFFB18CB
沙鹿區,房地(土地+建物)+車位,保寧段391~420地號,25.6,住,,,1061102,土地1建物1車位1,四層,12,住宅大樓(11層含以上有電梯),住家用,鋼筋混凝土造,,113.71,2,2,1,有,無,4200000,44202,坡道平面,35.66,750000,,RPSPMLLJNHNFFFB28CB
沙鹿區,房地(土地+建物)+車位,保寧段391~420地號,25.6,住,,,1061109,土地1建物1車位1,五層,12,住宅大樓(11層含以上有電梯),住家用,鋼筋混凝土造,,113.71,2,2,1,有,無,4260000,44971,坡道平面,35.66,750000,,RPTPMLLJNHNFFFB38CB
沙鹿區,房地(土地+建物)+車位,保寧段391~420地號,25.6,住,,,1061210,土地1建物1車位1,六層,12,住宅大樓(11層含以上有電梯),住家用,鋼筋混凝土造,,116.4,2,2,1,有,無,4600000,47406,坡道平面,38.35,900000,,RPUPMLLJNHNFFFB48CB
沙鹿區,房地(土地+建物)+車位,保寧段391~420地號,25.6,住,,,1061207,土地1建物1車位1,七層,12,住宅大樓(11層含以上有電梯),住家用,鋼筋混凝土造,,113.71,2,2,1,有,無,4560000,47534,坡道平面,35.66,850000,,RPWPMLLJNHNFFFB68CB
沙鹿區,房地(土地+建物)+車位,保寧段391~420地號,25.6,住,,,1070206,土地1建物1車位1,八層,12,住宅大樓(11層含以上有電梯),住家用,鋼筋混凝土造,,113.71,2,2,1,有,無,4800000,51249,坡道平面,35.66,800000,,RPXPMLLJNHNFFFB78CB
沙鹿區,房地(土地+建物)+車位,保寧段391~420地號,25.6,住,,,1070113,土地1建物1車位1,九層,12,住宅大樓(11層含以上有電梯),住家用,鋼筋混凝土造,,113.71,2,2,1,有,無,4850000,51249,坡道平面,35.66,850000,,RPOQMLLJNHNFFFB97CB
沙鹿區,房地(土地+建物),保寧段391~420地號,25.36,住,,,1061025,土地1建物1車位0,十層,12,住宅大樓(11層含以上有電梯),住家用,鋼筋混凝土造,,78.05,2,2,1,有,無,4120000,52787,,0.0,0,,RPPQMLLJNHNFFFB08CB
沙鹿區,房地(土地+建物)+車位,保寧段391~420地號,25.6,住,,,1070113,土地1建物1車位1,十一層,12,住宅大樓(11層含以上有電梯),住家用,鋼筋混凝土造,,113.71,2,2,1,有,無,4900000,52530,坡道平面,35.66,800000,,RPQQMLLJNHNFFFB18CB
沙鹿區,房地(土地+建物)+車位,保寧段391~420地號,25.6,住,,,1070113,土地1建物1車位1,十二層,12,住宅大樓(11層含以上有電梯),住家用,鋼筋混凝土造,,113.71,2,2,1,有,無,4850000,51249,坡道平面,35.66,850000,,RPRQMLLJNHNFFFB28CB
沙鹿區,房地(土地+建物)+車位,保寧段391~420地號,29.18,住,,,1061209,土地1建物1車位1,二層,12,住宅大樓(11層含以上有電梯),住家用,鋼筋混凝土造,,121.51,2,2,1,有,無,4630000,42990,坡道平面,32.42,800000,,RPSQMLLJNHNFFFB38CB
沙鹿區,房地(土地+建物)+車位,保寧段391~420地號,29.18,住,,,1061210,土地1建物1車位1,三層,12,住宅大樓(11層含以上有電梯),住家用,鋼筋混凝土造,,124.75,2,2,1,有,無,4800000,44337,坡道平面,35.66,850000,,RPTQMLLJNHNFFFB48CB
沙鹿區,房地(土地+建物)+車位,保寧段391~420地號,29.18,住,,,1070204,土地1建物1車位1,四層,12,住宅大樓(11層含以上有電梯),住家用,鋼筋混凝土造,,124.75,2,2,1,有,無,4680000,42990,坡道平面,35.66,850000,,RPUQMLLJNHNFFFB58CB
沙鹿區,房地(土地+建物)+車位,保寧段391~420地號,29.18,住,,,1061025,土地1建物1車位1,五層,12,住宅大樓(11層含以上有電梯),住家用,鋼筋混凝土造,,124.75,2,2,1,有,無,4710000,44449,坡道平面,35.66,750000,,RPVQMLLJNHNFFFB68CB
沙鹿區,房地(土地+建物)+車位,保寧段391~420地號,29.18,住,,,1061123,土地1建物1車位1,六層,12,住宅大樓(11層含以上有電梯),住家用,鋼筋混凝土造,,124.75,2,2,1,有,無,4760000,45011,坡道平面,35.66,750000,,RPWQMLLJNHNFFFB78CB
沙鹿區,房地(土地+建物)+車位,保寧段391~420地號,29.18,住,,,1061105,土地1建物1車位1,七層,12,住宅大樓(11層含以上有電梯),住家用,鋼筋混凝土造,,124.75,2,2,1,有,無,4880000,46358,坡道平面,35.66,750000,,RPXQMLLJNHNFFFB88CB
沙鹿區,房地(土地+建物)+車位,保寧段391~420地號,29.18,住,,,1061029,土地1建物1車位1,八層,12,住宅大樓(11層含以上有電梯),住家用,鋼筋混凝土造,,124.75,2,2,1,有,無,5100000,48266,坡道平面,35.66,800000,,RPORMLLJNHNFFFB08CB
沙鹿區,房地(土地+建物)+車位,保寧段391~420地號,29.18,住,,,1061201,土地1建物1車位1,九層,12,住宅大樓(11層含以上有電梯),住家用,鋼筋混凝土造,,124.75,2,2,1,有,無,5030000,46919,坡道平面,35.66,850000,,RPPRMLLJNHNFFFB18CB
沙鹿區,房地(土地+建物)+車位,保寧段391~420地號,29.18,住,,,1061201,土地1建物1車位1,十層,12,住宅大樓(11層含以上有電梯),住家用,鋼筋混凝土造,,124.75,2,2,1,有,無,4950000,45460,坡道平面,35.66,900000,,RPQRMLLJNHNFFFB28CB
沙鹿區,房地(土地+建物)+車位,保寧段391~420地號,29.18,住,,,1070105,土地1建物1車位1,十一層,12,住宅大樓(11層含以上有電梯),住家用,鋼筋混凝土造,,124.75,2,2,1,有,無,5080000,47480,坡道平面,35.66,850000,,RPRRMLLJNHNFFFB38CB
沙鹿區,房地(土地+建物)+車位,保寧段391~420地號,29.18,住,,,1061208,土地1建物1車位1,十二層,12,住宅大樓(11層含以上有電梯),住家用,鋼筋混凝土造,,124.75,2,2,1,有,無,5300000,49388,坡道平面,35.66,900000,,RPSRMLLJNHNFFFB48CB
沙鹿區,房地(土地+建物)+車位,保寧段391~420地號,38.85,住,,,1061105,土地1建物1車位1,二層,12,住宅大樓(11層含以上有電梯),住家用,鋼筋混凝土造,,154.52,3,2,2,有,無,6100000,45011,坡道平面,35.66,750000,,RPTRMLLJNHNFFFB58CB
沙鹿區,房地(土地+建物)+車位,保寧段391~420地號,38.85,住,,,1061105,土地1建物1車位1,三層,12,住宅大樓(11層含以上有電梯),住家用,鋼筋混凝土造,,154.52,3,2,2,有,無,5780000,42319,坡道平面,35.66,750000,,RPURMLLJNHNFFFB68CB
沙鹿區,房地(土地+建物)+車位,保寧段391~420地號,38.85,住,,,1061105,土地1建物1車位1,四層,12,住宅大樓(11層含以上有電梯),住家用,鋼筋混凝土造,,154.52,3,2,2,有,無,5810000,42571,坡道平面,35.66,750000,,RPVRMLLJNHNFFFB78CB
沙鹿區,房地(土地+建物)+車位,保寧段391~420地號,38.85,住,,,1061025,土地1建物1車位1,五層,12,住宅大樓(11層含以上有電梯),住家用,鋼筋混凝土造,,154.52,3,2,2,有,無,6270000,46441,坡道平面,35.66,750000,,RPWRMLLJNHNFFFB88CB
沙鹿區,房地(土地+建物)+車位,保寧段391~420地號,38.85,住,,,1061121,土地1建物1車位1,六層,12,住宅大樓(11層含以上有電梯),住家用,鋼筋混凝土造,,154.52,3,2,2,有,無,6370000,46441,坡道平面,35.66,850000,,RPXRMLLJNHNFFFB98CB
沙鹿區,房地(土地+建物)+車位,保寧段391~420地號,38.85,住,,,1061026,土地1建物1車位1,八層,12,住宅大樓(11層含以上有電梯),住家用,鋼筋混凝土造,,154.52,3,2,2,有,無,6400000,47535,坡道平面,35.66,750000,,RPOSMLLJNHNFFFB18CB
沙鹿區,房地(土地+建物)+車位,保寧段391~420地號,38.85,住,,,1061119,土地1建物1車位1,七層,12,住宅大樓(11層含以上有電梯),住家用,鋼筋混凝土造,,154.52,3,2,2,有,無,6300000,45852,坡道平面,35.66,850000,,RPPSMLLJNHNFFFB28CB
沙鹿區,房地(土地+建物)+車位,保寧段391~420地號,38.85,住,,,1061123,土地1建物1車位1,九層,12,住宅大樓(11層含以上有電梯),住家用,鋼筋混凝土造,,154.52,3,2,2,有,無,6320000,46441,坡道平面,35.66,800000,,RPQSMLLJNHNFFFB38CB
沙鹿區,房地(土地+建物)+車位,保寧段391~420地號,38.85,住,,,1061207,土地1建物1車位1,十層,12,住宅大樓(11層含以上有電梯),住家用,鋼筋混凝土造,,154.52,3,2,2,有,無,6830000,50311,坡道平面,35.66,850000,,RPSSMLLJNHNFFFB58CB
沙鹿區,房地(土地+建物)+車位,保寧段391~420地號,38.85,住,,,1061214,土地1建物1車位1,十一層,12,住宅大樓(11層含以上有電梯),住家用,鋼筋混凝土造,,154.52,3,2,2,有,無,6680000,48629,坡道平面,35.66,900000,,RPTSMLLJNHNFFFB68CB
沙鹿區,房地(土地+建物)+車位,保寧段391~420地號,38.85,住,,,1061202,土地1建物1車位1,十二層,12,住宅大樓(11層含以上有電梯),住家用,鋼筋混凝土造,,154.52,3,2,2,有,無,6700000,49218,坡道平面,35.66,850000,,RPUSMLLJNHNFFFB78CB
沙鹿區,房地(土地+建物)+車位,保寧段391~420地號,25.31,住,,,1061109,土地1建物1車位1,二層,12,住宅大樓(11層含以上有電梯),住家用,鋼筋混凝土造,,112.84,2,2,1,有,無,4330000,46385,坡道平面,35.66,750000,,RPVSMLLJNHNFFFB88CB
沙鹿區,房地(土地+建物)+車位,保寧段391~420地號,25.31,住,,,1061105,土地1建物1車位1,三層,12,住宅大樓(11層含以上有電梯),住家用,鋼筋混凝土造,,112.84,2,2,1,有,無,4420000,47551,坡道平面,35.66,750000,,RPWSMLLJNHNFFFB98CB
沙鹿區,房地(土地+建物)+車位,保寧段391~420地號,25.31,住,,,1061203,土地1建物1車位1,四層,12,住宅大樓(11層含以上有電梯),住家用,鋼筋混凝土造,,112.84,2,2,1,有,無,4380000,45737,坡道平面,35.66,850000,,RPXSMLLJNHNFFFB09CB
沙鹿區,房地(土地+建物)+車位,保寧段391~420地號,25.31,住,,,1070123,土地1建物1車位1,五層,12,住宅大樓(11層含以上有電梯),住家用,鋼筋混凝土造,,112.84,2,2,1,有,無,4420000,45608,坡道平面,35.66,900000,,RPOTMLLJNHNFFFB28CB
沙鹿區,房地(土地+建物)+車位,保寧段391~420地號,25.31,住,,,1061109,土地1建物1車位1,六層,12,住宅大樓(11層含以上有電梯),住家用,鋼筋混凝土造,,112.84,2,2,1,有,無,4630000,48329,坡道平面,35.66,900000,,RPPTMLLJNHNFFFB38CB
沙鹿區,房地(土地+建物)+車位,保寧段391~420地號,25.31,住,,,1061109,土地1建物1車位1,七層,12,住宅大樓(11層含以上有電梯),住家用,鋼筋混凝土造,,112.84,2,2,1,有,無,4630000,48329,坡道平面,35.66,900000,,RPQTMLLJNHNFFFB48CB
沙鹿區,房地(土地+建物)+車位,保寧段391~420地號,25.31,住,,,1070206,土地1建物1車位1,八層,12,住宅大樓(11層含以上有電梯),住家用,鋼筋混凝土造,,112.84,2,2,1,有,無,4850000,51827,坡道平面,35.66,850000,,RPRTMLLJNHNFFFB58CB
沙鹿區,房地(土地+建物)+車位,保寧段391~420地號,25.31,住,,,1070113,土地1建物1車位1,九層,12,住宅大樓(11層含以上有電梯),住家用,鋼筋混凝土造,,112.84,2,2,1,有,無,4800000,50531,坡道平面,35.66,900000,,RPSTMLLJNHNFFFB68CB
沙鹿區,房地(土地+建物)+車位,保寧段391~420地號,25.31,住,,,1070113,土地1建物1車位1,十層,12,住宅大樓(11層含以上有電梯),住家用,鋼筋混凝土造,,112.84,2,2,1,有,無,4800000,50531,坡道平面,35.66,900000,,RPTTMLLJNHNFFFB78CB
沙鹿區,房地(土地+建物)+車位,保寧段391~420地號,25.31,住,,,1070210,土地1建物1車位1,十一層,12,住宅大樓(11層含以上有電梯),住家用,鋼筋混凝土造,,112.84,2,2,1,有,無,4880000,50920,坡道平面,35.66,950000,,RPUTMLLJNHNFFFB88CB
沙鹿區,房地(土地+建物)+車位,保寧段391~420地號,25.31,住,,,1070203,土地1建物1車位1,十二層,12,住宅大樓(11層含以上有電梯),住家用,鋼筋混凝土造,,112.84,2,2,1,有,無,4800000,49883,坡道平面,35.66,950000,,RPVTMLLJNHNFFFB98CB
沙鹿區,房地(土地+建物)+車位,保寧段391~420地號,25.31,住,,,1061125,土地1建物1車位1,二層,12,住宅大樓(11層含以上有電梯),住家用,鋼筋混凝土造,,112.85,2,2,1,有,無,4380000,46379,坡道平面,35.66,800000,,RPWTMLLJNHNFFFB09CB
沙鹿區,房地(土地+建物)+車位,保寧段391~420地號,25.31,住,,,1061209,土地1建物1車位1,三層,12,住宅大樓(11層含以上有電梯),住家用,鋼筋混凝土造,,112.84,2,2,1,有,無,4380000,46385,坡道平面,35.66,800000,,RPXTMLLJNHNFFFB56CB
沙鹿區,房地(土地+建物)+車位,保寧段391~420地號,25.31,住,,,1061101,土地1建物1車位1,四層,12,住宅大樓(11層含以上有電梯),住家用,鋼筋混凝土造,,112.84,2,2,1,有,無,4230000,45737,坡道平面,35.66,700000,,RPOUMLLJNHNFFFB38CB
沙鹿區,房地(土地+建物)+車位,保寧段391~420地號,25.31,住,,,1070131,土地1建物1車位1,五層,12,住宅大樓(11層含以上有電梯),住家用,鋼筋混凝土造,,112.84,2,2,1,有,無,4420000,45608,坡道平面,35.66,900000,,RPPUMLLJNHNFFFB48CB
沙鹿區,房地(土地+建物)+車位,保寧段391~420地號,25.31,住,,,1061109,土地1建物1車位1,六層,12,住宅大樓(11層含以上有電梯),住家用,鋼筋混凝土造,,112.84,2,2,1,有,無,4630000,48329,坡道平面,35.66,900000,,RPQUMLLJNHNFFFB58CB
沙鹿區,房地(土地+建物)+車位,保寧段391~420地號,25.31,住,,,1061109,土地1建物1車位1,七層,12,住宅大樓(11層含以上有電梯),住家用,鋼筋混凝土造,,112.84,2,2,1,有,無,4630000,48329,坡道平面,35.66,900000,,RPRUMLLJNHNFFFB68CB
沙鹿區,房地(土地+建物)+車位,保寧段391~420地號,25.31,住,,,1061204,土地1建物1車位1,八層,12,住宅大樓(11層含以上有電梯),住家用,鋼筋混凝土造,,112.84,2,2,1,有,無,4500000,47292,坡道平面,35.66,850000,,RPSUMLLJNHNFFFB78CB
沙鹿區,房地(土地+建物)+車位,保寧段391~420地號,25.31,住,,,1070129,土地1建物1車位1,十層,12,住宅大樓(11層含以上有電梯),住家用,鋼筋混凝土造,,112.84,2,2,1,有,無,4800000,50531,坡道平面,35.66,900000,,RPUUMLLJNHNFFFB98CB
沙鹿區,房地(土地+建物)+車位,保寧段391~420地號,25.31,住,,,1070201,土地1建物1車位1,十一層,12,住宅大樓(11層含以上有電梯),住家用,鋼筋混凝土造,,112.84,2,2,1,有,無,4680000,48976,坡道平面,35.66,900000,,RPVUMLLJNHNFFFB09CB
沙鹿區,房地(土地+建物)+車位,保寧段391~420地號,25.31,住,,,1070211,土地1建物1車位1,十二層,12,住宅大樓(11層含以上有電梯),住家用,鋼筋混凝土造,,112.84,2,2,1,有,無,4800000,50531,坡道平面,35.66,900000,,RPWUMLLJNHNFFFB56CB
沙鹿區,房地(土地+建物)+車位,保寧段391~420地號,25.31,住,,,1070128,土地1建物1車位1,九層,12,住宅大樓(11層含以上有電梯),住家用,鋼筋混凝土造,,112.84,2,2,1,有,無,4800000,50531,坡道平面,35.66,900000,,RPXUMLLJNHNFFFB66CB
沙鹿區,房地(土地+建物)+車位,保寧段391~420地號,38.85,住,,,1061024,土地1建物1車位1,七層,12,住宅大樓(11層含以上有電梯),住家用,鋼筋混凝土造,,154.52,3,2,2,有,無,6460000,47619,坡道平面,35.66,800000,,RPOVMLLJNHNFFFB48CB
龍井區,房地(土地+建物),永順段661~690地號,15.2,,鄉村區,乙種建築用地,1060809,土地2建物1車位0,五層,7,華廈(10層含以下有電梯),住家用,鋼筋混凝土造,,72.31,2,2,1,有,無,4380000,60573,,0.0,0,,RPRNMLRJNHNFFKB56DB
